Z_mays	Zm00001eb244180	ALF2	Alfin-like	resources/reference_binding/reference_binding_peaks/Z_mays/Alfin-like_TF30_ALF2_repOverlap_peaks.narrowPeak
Z_mays	Zm00001eb182490	ALF7	Alfin-like	resources/reference_binding/reference_binding_peaks/Z_mays/Alfin-like_TF32_ALF7_repOverlap_peaks.narrowPeak
Z_mays	Zm00001eb229950	bHLH129	bHLH	resources/reference_binding/reference_binding_peaks/Z_mays/bHLH_TF109_bHLH129_repOverlap_peaks.narrowPeak
Z_mays	Zm00001eb416800	bHLH162	bHLH	resources/reference_binding/reference_binding_peaks/Z_mays/bHLH_TF119_bHLH162_repOverlap_peaks.narrowPeak
Z_mays	Zm00001eb390330	bHLH91	bHLH	resources/reference_binding/reference_binding_peaks/Z_mays/bHLH_TF139_bHLH91_repOverlap_peaks.narrowPeak
Z_mays	Zm00001eb420440	bHLH108	bHLH	resources/reference_binding/reference_binding_peaks/Z_mays/bHLH_TF142_bHLH108_repOverlap_peaks.narrowPeak
Z_mays	Zm00001eb050790	bHLH43	bHLH	resources/reference_binding/reference_binding_peaks/Z_mays/bHLH_TF148_bHLH43_repOverlap_peaks.narrowPeak
Z_mays	Zm00001eb031560	bHLH163	bHLH	resources/reference_binding/reference_binding_peaks/Z_mays/bHLH_TF149_bHLH163_repOverlap_peaks.narrowPeak
Z_mays	Zm00001eb173070	bHLH172	bHLH	resources/reference_binding/reference_binding_peaks/Z_mays/bHLH_TF14_bHLH172_repOverlap_peaks.narrowPeak
Z_mays	Zm00001eb317460	bHLH136	bHLH	resources/reference_binding/reference_binding_peaks/Z_mays/bHLH_TF157_bHLH136_repOverlap_peaks.narrowPeak
Z_mays	Zm00001eb037440	bHLH145	bHLH	resources/reference_binding/reference_binding_peaks/Z_mays/bHLH_TF3_bHLH145_repOverlap_peaks.narrowPeak
Z_mays	Zm00001eb289490	bHLH118	bHLH	resources/reference_binding/reference_binding_peaks/Z_mays/bHLH_TF6_bHLH118_repOverlap_peaks.narrowPeak
Z_mays	Zm00001eb059460	bHLH47	bHLH	resources/reference_binding/reference_binding_peaks/Z_mays/bHLH_TF87_bHLH47_repOverlap_peaks.narrowPeak
Z_mays	Zm00001eb233420	bZIP104	bZIP	resources/reference_binding/reference_binding_peaks/Z_mays/bZIP_TF158_bZIP104_repOverlap_peaks.narrowPeak
Z_mays	Zm00001eb431760	bZIP113	bZIP	resources/reference_binding/reference_binding_peaks/Z_mays/bZIP_TF159_bZIP113_repOverlap_peaks.narrowPeak
Z_mays	Zm00001eb097930	bZIP40	bZIP	resources/reference_binding/reference_binding_peaks/Z_mays/bZIP_TF219_bZIP40_repOverlap_peaks.narrowPeak
Z_mays	Zm00001eb309420	bZIP9	bZIP	resources/reference_binding/reference_binding_peaks/Z_mays/bZIP_TF221_bZIP9_repOverlap_peaks.narrowPeak
Z_mays	Zm00001eb147220	LG2	bZIP	resources/reference_binding/reference_binding_peaks/Z_mays/bZIP_TFLG2_LG2_repOverlap_peaks.narrowPeak
Z_mays	Zm00001eb216410	COL8	C2C2-CO-like	resources/reference_binding/reference_binding_peaks/Z_mays/C2C2-COL_TF2_COL8_repOverlap_peaks.narrowPeak
Z_mays	Zm00001eb389540	COL13	C2C2-CO-like	resources/reference_binding/reference_binding_peaks/Z_mays/C2C2-COL_TF61_COL13_repOverlap_peaks.narrowPeak
Z_mays	Zm00001eb425790	COL7	C2C2-CO-like	resources/reference_binding/reference_binding_peaks/Z_mays/C2C2-COL_TF89_COL7_repOverlap_peaks.narrowPeak
Z_mays	Zm00001eb233790	COL18	C2C2-CO-like	resources/reference_binding/reference_binding_peaks/Z_mays/C2C2-COL_TF91_COL18_repOverlap_peaks.narrowPeak
Z_mays	Zm00001eb054810	COL2	C2C2-CO-like	resources/reference_binding/reference_binding_peaks/Z_mays/C2C2-COL_TF9_COL2_repOverlap_peaks.narrowPeak
Z_mays	Zm00001eb012440	DOF30	C2C2-Dof	resources/reference_binding/reference_binding_peaks/Z_mays/C2C2-DOF_TF161_DOF30_repOverlap_peaks.narrowPeak
Z_mays	Zm00001eb187120	DOF17	C2C2-Dof	resources/reference_binding/reference_binding_peaks/Z_mays/C2C2-DOF_TF162_DOF17_repOverlap_peaks.narrowPeak
Z_mays	Zm00001eb005380	DOF21	C2C2-Dof	resources/reference_binding/reference_binding_peaks/Z_mays/C2C2-DOF_TF163_DOF21_repOverlap_peaks.narrowPeak
Z_mays	Zm00001eb250390	DOF22	C2C2-Dof	resources/reference_binding/reference_binding_peaks/Z_mays/C2C2-DOF_TF235_DOF22_repOverlap_peaks.narrowPeak
Z_mays	Zm00001eb243510	CCHH133	C2H2	resources/reference_binding/reference_binding_peaks/Z_mays/C2H2_TF41_CCHH133_repOverlap_peaks.narrowPeak
Z_mays	Zm00001eb210370	SIG6	C3H	resources/reference_binding/reference_binding_peaks/Z_mays/C3H_TF17_SIG6_repOverlap_peaks.narrowPeak
Z_mays	Zm00001eb316870	C3H40	C3H	resources/reference_binding/reference_binding_peaks/Z_mays/C3H_TF24_C3H40_repOverlap_peaks.narrowPeak
Z_mays	Zm00001eb311180	EREB109	AP2/ERF-ERF	resources/reference_binding/reference_binding_peaks/Z_mays/EREB_TF106_EREB109_repOverlap_peaks.narrowPeak
Z_mays	Zm00001eb194220	EREB17	AP3/ERF-ERF	resources/reference_binding/reference_binding_peaks/Z_mays/EREB_TF117_EREB17_repOverlap_peaks.narrowPeak
Z_mays	Zm00001eb100800	EREB211	AP4/ERF-ERF	resources/reference_binding/reference_binding_peaks/Z_mays/EREB_TF124_EREB211_repOverlap_peaks.narrowPeak
Z_mays	Zm00001eb413930	EREB54	AP5/ERF-ERF	resources/reference_binding/reference_binding_peaks/Z_mays/EREB_TF136_EREB54_repOverlap_peaks.narrowPeak
Z_mays	Zm00001eb401290	EREB71	AP6/ERF-ERF	resources/reference_binding/reference_binding_peaks/Z_mays/EREB_TF140_EREB71_repOverlap_peaks.narrowPeak
Z_mays	Zm00001eb313850	EREB102	AP7/ERF-ERF	resources/reference_binding/reference_binding_peaks/Z_mays/EREB_TF152_EREB102_repOverlap_peaks.narrowPeak
Z_mays	Zm00001eb255160	EREB18	AP8/ERF-ERF	resources/reference_binding/reference_binding_peaks/Z_mays/EREB_TF153_EREB18_repOverlap_peaks.narrowPeak
Z_mays	Zm00001eb038070	EREB172	AP9/ERF-ERF	resources/reference_binding/reference_binding_peaks/Z_mays/EREB_TF64_EREB172_repOverlap_peaks.narrowPeak
Z_mays	Zm00001eb071190	EREB97	AP10/ERF-ERF	resources/reference_binding/reference_binding_peaks/Z_mays/EREB_TF72_EREB97_repOverlap_peaks.narrowPeak
Z_mays	Zm00001eb171050	EREB209	AP11/ERF-ERF	resources/reference_binding/reference_binding_peaks/Z_mays/EREB_TF80_EREB209_repOverlap_peaks.narrowPeak
Z_mays	Zm00001eb150840	EREB147	AP12/ERF-ERF	resources/reference_binding/reference_binding_peaks/Z_mays/EREB_TF85_EREB147_repOverlap_peaks.narrowPeak
Z_mays	Zm00001eb296430	EREB34	AP13/ERF-ERF	resources/reference_binding/reference_binding_peaks/Z_mays/EREB_TF90_EREB34_repOverlap_peaks.narrowPeak
Z_mays	Zm00001eb074930	EREB198	AP14/ERF-ERF	resources/reference_binding/reference_binding_peaks/Z_mays/EREB_TF97_EREB198_repOverlap_peaks.narrowPeak
Z_mays	Zm00001eb030400	GLK9	GARP-G2-like	resources/reference_binding/reference_binding_peaks/Z_mays/GLK_TF104_GLK9_repOverlap_peaks.narrowPeak
Z_mays	Zm00001eb433040	GLK52	GARP-G3-like	resources/reference_binding/reference_binding_peaks/Z_mays/GLK_TF123_GLK52_repOverlap_peaks.narrowPeak
Z_mays	Zm00001eb251670	GLK11	GARP-G4-like	resources/reference_binding/reference_binding_peaks/Z_mays/GLK_TF171_GLK11_repOverlap_peaks.narrowPeak
Z_mays	Zm00001eb118900	GLK2	GARP-G5-like	resources/reference_binding/reference_binding_peaks/Z_mays/GLK_TF172_GLK2_repOverlap_peaks.narrowPeak
Z_mays	Zm00001eb352200	GLK25	GARP-G6-like	resources/reference_binding/reference_binding_peaks/Z_mays/GLK_TF173_GLK25_repOverlap_peaks.narrowPeak
Z_mays	Zm00001eb233310	GLK53	GARP-G7-like	resources/reference_binding/reference_binding_peaks/Z_mays/GLK_TF58_GLK53_repOverlap_peaks.narrowPeak
Z_mays	Zm00001eb371980	GLK1	GARP-G8-like	resources/reference_binding/reference_binding_peaks/Z_mays/GLK_TF5_GLK1_repOverlap_peaks.narrowPeak
Z_mays	Zm00001eb148290	GRAS23	GRAS	resources/reference_binding/reference_binding_peaks/Z_mays/GRAS_TF25_GRAS23_repOverlap_peaks.narrowPeak
Z_mays	Zm00001eb106490	GRAS49	GRAS	resources/reference_binding/reference_binding_peaks/Z_mays/GRAS_TF98_GRAS49_repOverlap_peaks.narrowPeak
Z_mays	Zm00001eb098960	HB34	HB-HD-ZIP	resources/reference_binding/reference_binding_peaks/Z_mays/HB_TF174_HB34_repOverlap_peaks.narrowPeak
Z_mays	Zm00001eb075230	HB66	HB-HD-ZIP	resources/reference_binding/reference_binding_peaks/Z_mays/HB_TF177_HB66_repOverlap_peaks.narrowPeak
Z_mays	Zm00001eb051900	HB33	HB-BELL	resources/reference_binding/reference_binding_peaks/Z_mays/HB_TF178_HB33_repOverlap_peaks.narrowPeak
Z_mays	Zm00001eb268690	HB38	HB-BELL	resources/reference_binding/reference_binding_peaks/Z_mays/HB_TF179_HB38_repOverlap_peaks.narrowPeak
Z_mays	Zm00001eb032780	HB84	HB-BELL	resources/reference_binding/reference_binding_peaks/Z_mays/HB_TF180_HB84_repOverlap_peaks.narrowPeak
Z_mays	Zm00001eb427650	HB70	HB-HD-ZIP	resources/reference_binding/reference_binding_peaks/Z_mays/HB_TF181_HB70_repOverlap_peaks.narrowPeak
Z_mays	Zm00001eb234270	KNOX6	HB-KNOX	resources/reference_binding/reference_binding_peaks/Z_mays/HB_TF26_KNOX6_repOverlap_peaks.narrowPeak
Z_mays	Zm00001eb187250	MYBR64	MYB-related	resources/reference_binding/reference_binding_peaks/Z_mays/MYBR_TF193_MYBR64_repOverlap_peaks.narrowPeak
Z_mays	Zm00001eb344000	MYBR87	MYB-related	resources/reference_binding/reference_binding_peaks/Z_mays/MYBR_TF196_MYBR87_repOverlap_peaks.narrowPeak
Z_mays	Zm00001eb391130	MYBST1	MYB-related	resources/reference_binding/reference_binding_peaks/Z_mays/MYBR_TF21_MYBST1_repOverlap_peaks.narrowPeak
Z_mays	Zm00001eb416530	MYBR26	MYB-related	resources/reference_binding/reference_binding_peaks/Z_mays/MYBR_TF34_MYBR26_repOverlap_peaks.narrowPeak
Z_mays	Zm00001eb023160	MYBR43	MYB-related	resources/reference_binding/reference_binding_peaks/Z_mays/MYBR_TF38_MYBR43_repOverlap_peaks.narrowPeak
Z_mays	Zm00001eb219490	MYBR40	MYB-related	resources/reference_binding/reference_binding_peaks/Z_mays/MYBR_TF70_MYBR40_repOverlap_peaks.narrowPeak
Z_mays	Zm00001eb165000	MYB4	MYB	resources/reference_binding/reference_binding_peaks/Z_mays/MYB_TF135_MYB4_repOverlap_peaks.narrowPeak
Z_mays	Zm00001eb164740	MYB88	MYB	resources/reference_binding/reference_binding_peaks/Z_mays/MYB_TF183_MYB88_repOverlap_peaks.narrowPeak
Z_mays	Zm00001eb040070	MYB38	MYB	resources/reference_binding/reference_binding_peaks/Z_mays/MYB_TF184_MYB38_repOverlap_peaks.narrowPeak
Z_mays	Zm00001eb028820	MYB56	MYB-related	resources/reference_binding/reference_binding_peaks/Z_mays/MYB_TF185_MYB56_repOverlap_peaks.narrowPeak
Z_mays	Zm00001eb216040	MYB37	MYB	resources/reference_binding/reference_binding_peaks/Z_mays/MYB_TF186_MYB37_repOverlap_peaks.narrowPeak
Z_mays	Zm00001eb124630	MYB81	MYB	resources/reference_binding/reference_binding_peaks/Z_mays/MYB_TF189_MYB81_repOverlap_peaks.narrowPeak
Z_mays	Zm00001eb161460	MYBR17	MYB-related	resources/reference_binding/reference_binding_peaks/Z_mays/MYB_TF190_MYBR17_repOverlap_peaks.narrowPeak
Z_mays	Zm00001eb023780	MYBR32	MYB-related	resources/reference_binding/reference_binding_peaks/Z_mays/MYB_TF191_MYBR32_repOverlap_peaks.narrowPeak
Z_mays	Zm00001eb415760	LHY1	MYBR	resources/reference_binding/reference_binding_peaks/Z_mays/MYB_TF198_LHY1_repOverlap_peaks.narrowPeak
Z_mays	Zm00001eb103730	MYB31	MYB	resources/reference_binding/reference_binding_peaks/Z_mays/MYB_TF224_MYB31_repOverlap_peaks.narrowPeak
Z_mays	Zm00001eb136720	MYB6	MYB	resources/reference_binding/reference_binding_peaks/Z_mays/MYB_TF55_MYB6_repOverlap_peaks.narrowPeak
Z_mays	Zm00001eb266360	MYB62	MYB	resources/reference_binding/reference_binding_peaks/Z_mays/MYB_TF56_MYB62_repOverlap_peaks.narrowPeak
Z_mays	Zm00001eb145580	NAC109	NAC	resources/reference_binding/reference_binding_peaks/Z_mays/NAC_TF15_NAC109_repOverlap_peaks.narrowPeak
Z_mays	Zm00001eb369060	NAC23	NAC	resources/reference_binding/reference_binding_peaks/Z_mays/NAC_TF199_NAC23_repOverlap_peaks.narrowPeak
Z_mays	Zm00001eb062170	NAC49	NAC	resources/reference_binding/reference_binding_peaks/Z_mays/NAC_TF4_NAC49_repOverlap_peaks.narrowPeak
Z_mays	Zm00001eb279580	TCP10	TCP	resources/reference_binding/reference_binding_peaks/Z_mays/TCP_TF237_TCP10_repOverlap_peaks.narrowPeak
Z_mays	Zm00001eb292690	TCP23	TCP	resources/reference_binding/reference_binding_peaks/Z_mays/TCP_TF54_TCP23_repOverlap_peaks.narrowPeak
Z_mays	Zm00001eb294180	WRKY82	WRKY	resources/reference_binding/reference_binding_peaks/Z_mays/WRKY_TF111_WRKY82_repOverlap_peaks.narrowPeak
Z_mays	Zm00001eb178160	WRKY94	WRKY	resources/reference_binding/reference_binding_peaks/Z_mays/WRKY_TF115_WRKY94_repOverlap_peaks.narrowPeak
Z_mays	Zm00001eb042020	WRKY25	WRKY	resources/reference_binding/reference_binding_peaks/Z_mays/WRKY_TF128_WRKY25_repOverlap_peaks.narrowPeak
Z_mays	Zm00001eb157490	WRKY95	WRKY	resources/reference_binding/reference_binding_peaks/Z_mays/WRKY_TF226_WRKY95_repOverlap_peaks.narrowPeak
Z_mays	Zm00001eb312870	WRKY53	WRKY	resources/reference_binding/reference_binding_peaks/Z_mays/WRKY_TF66_WRKY53_repOverlap_peaks.narrowPeak
Z_mays	Zm00001eb005990	ZIM27	Tify	resources/reference_binding/reference_binding_peaks/Z_mays/ZIM_TF127_ZIM27_repOverlap_peaks.narrowPeak
Z_mays	Zm00001eb314010	ZIM28	Tify	resources/reference_binding/reference_binding_peaks/Z_mays/ZIM_TF13_ZIM28_repOverlap_peaks.narrowPeak
Z_mays	Zm00001eb006000	ZIM16	Tify	resources/reference_binding/reference_binding_peaks/Z_mays/ZIM_TF59_ZIM16_repOverlap_peaks.narrowPeak
Z_mays	Zm00001eb048780	ZIM18	Tify	resources/reference_binding/reference_binding_peaks/Z_mays/ZIM_TF69_ZIM18_repOverlap_peaks.narrowPeak
Z_mays	Zm00001eb312170	ZIM1	Tify	resources/reference_binding/reference_binding_peaks/Z_mays/ZIM_TF79_ZIM1_repOverlap_peaks.narrowPeak
Z_mays	Zm00001eb048770	ZIM3	Tify	resources/reference_binding/reference_binding_peaks/Z_mays/ZIM_TF84_ZIM3_repOverlap_peaks.narrowPeak
Z_mays	Zm00001eb066270	ABI3	B3	resources/reference_binding/reference_binding_peaks/Z_mays/Zm00001d001838_ABI3_peaks.narrowPeak
Z_mays	Zm00001eb067340	1d001952	C3H	resources/reference_binding/reference_binding_peaks/Z_mays/Zm00001d001952_1d001952_peaks.narrowPeak
Z_mays	Zm00001eb071780	THX23	Trihelix	resources/reference_binding/reference_binding_peaks/Z_mays/Zm00001d002424_THX23_peaks.narrowPeak
Z_mays	Zm00001eb071920	GLK36	GARP-G2-like	resources/reference_binding/reference_binding_peaks/Z_mays/Zm00001d002439_GLK36_peaks.narrowPeak
Z_mays	Zm00001eb072870	MYBR20	MYB-related	resources/reference_binding/reference_binding_peaks/Z_mays/Zm00001d002545_MYBR20_peaks.narrowPeak
Z_mays	Zm00001eb073550	EREB105	AP2/ERF-ERF	resources/reference_binding/reference_binding_peaks/Z_mays/Zm00001d002618_EREB105_peaks.narrowPeak
Z_mays	Zm00001eb073560	EREB68	AP2/ERF-ERF	resources/reference_binding/reference_binding_peaks/Z_mays/Zm00001d002620_EREB68_peaks.narrowPeak
Z_mays	Zm00001eb075150	GATA5	C2C2-GATA	resources/reference_binding/reference_binding_peaks/Z_mays/Zm00001d002790_GATA5_peaks.narrowPeak
Z_mays	Zm00001eb075170	WRKY101	WRKY	resources/reference_binding/reference_binding_peaks/Z_mays/Zm00001d002794_WRKY101_peaks.narrowPeak
Z_mays	Zm00001eb075250	THX12	Trihelix	resources/reference_binding/reference_binding_peaks/Z_mays/Zm00001d002801_THX12_peaks.narrowPeak
Z_mays	Zm00001eb075510	NACTF131	NAC	resources/reference_binding/reference_binding_peaks/Z_mays/Zm00001d002828_NACTF131_peaks.narrowPeak
Z_mays	Zm00001eb076630	RAS18A1	NAC	resources/reference_binding/reference_binding_peaks/Z_mays/Zm00001d002945_RAS18A1_peaks.narrowPeak
Z_mays	Zm00001eb077410	glk63	GARP-G2-like	resources/reference_binding/reference_binding_peaks/Z_mays/Zm00001d003037_glk63_peaks.narrowPeak
Z_mays	Zm00001eb077580	NACTF36	NAC	resources/reference_binding/reference_binding_peaks/Z_mays/Zm00001d003052_NACTF36_peaks.narrowPeak
Z_mays	Zm00001eb081760	GRAS51	GRAS	resources/reference_binding/reference_binding_peaks/Z_mays/Zm00001d003553_GRAS51_peaks.narrowPeak
Z_mays	Zm00001eb082590	ZHD15	zf-HD	resources/reference_binding/reference_binding_peaks/Z_mays/Zm00001d003645_ZHD15_peaks.narrowPeak
Z_mays	Zm00001eb082900	O11	bHLH	resources/reference_binding/reference_binding_peaks/Z_mays/Zm00001d003677_O11_peaks.narrowPeak
Z_mays	Zm00001eb084300	THX26	Trihelix	resources/reference_binding/reference_binding_peaks/Z_mays/Zm00001d003836_THX26_peaks.narrowPeak
Z_mays	Zm00001eb090510	C3H19	C3H	resources/reference_binding/reference_binding_peaks/Z_mays/Zm00001d004651_C3H19_peaks.narrowPeak
Z_mays	Zm00001eb095290	BZIP86	bZIP	resources/reference_binding/reference_binding_peaks/Z_mays/Zm00001d005244_BZIP86_peaks.narrowPeak
Z_mays	Zm00001eb097990	HB131	HB-other	resources/reference_binding/reference_binding_peaks/Z_mays/Zm00001d005584_HB131_peaks.narrowPeak
Z_mays	Zm00001eb101190	BHLH33	bHLH	resources/reference_binding/reference_binding_peaks/Z_mays/Zm00001d005939_BHLH33_peaks.narrowPeak
Z_mays	Zm00001eb101280	HB54	HB-HD-ZIP	resources/reference_binding/reference_binding_peaks/Z_mays/Zm00001d005951_HB54_peaks.narrowPeak
Z_mays	Zm00001eb101350	BZIP82	bZIP	resources/reference_binding/reference_binding_peaks/Z_mays/Zm00001d005962_BZIP82_peaks.narrowPeak
Z_mays	Zm00001eb101410	BHLH157	bHLH	resources/reference_binding/reference_binding_peaks/Z_mays/Zm00001d005969_BHLH157_peaks.narrowPeak
Z_mays	Zm00001eb101910	BZIP85	bZIP	resources/reference_binding/reference_binding_peaks/Z_mays/Zm00001d006027_BZIP85_peaks.narrowPeak
Z_mays	Zm00001eb102450	ZMM27	MADS-MIKC	resources/reference_binding/reference_binding_peaks/Z_mays/Zm00001d006094_ZMM27_peaks.narrowPeak
Z_mays	Zm00001eb103000	BZIP46	bZIP	resources/reference_binding/reference_binding_peaks/Z_mays/Zm00001d006157_BZIP46_peaks.narrowPeak
Z_mays	Zm00001eb104490	1d006319	C2H2	resources/reference_binding/reference_binding_peaks/Z_mays/Zm00001d006319_1d006319_peaks.narrowPeak
Z_mays	Zm00001eb104790	GRFTF2	GRF	resources/reference_binding/reference_binding_peaks/Z_mays/Zm00001d006348_GRFTF2_peaks.narrowPeak
Z_mays	Zm00001eb106720	BHLH80	bHLH	resources/reference_binding/reference_binding_peaks/Z_mays/Zm00001d006578_BHLH80_peaks.narrowPeak
Z_mays	Zm00001eb107670	BZR7	BES1	resources/reference_binding/reference_binding_peaks/Z_mays/Zm00001d006677_BZR7_peaks.narrowPeak
Z_mays	Zm00001eb107730	1d006682	C2H2	resources/reference_binding/reference_binding_peaks/Z_mays/Zm00001d006682_1d006682_peaks.narrowPeak
Z_mays	Zm00001eb107920	WRKY116	WRKY	resources/reference_binding/reference_binding_peaks/Z_mays/Zm00001d006702_WRKY116_peaks.narrowPeak
Z_mays	Zm00001eb110370	BZIP91	bZIP	resources/reference_binding/reference_binding_peaks/Z_mays/Zm00001d007042_BZIP91_peaks.narrowPeak
Z_mays	Zm00001eb112840	WRKY108	WRKY	resources/reference_binding/reference_binding_peaks/Z_mays/Zm00001d007329_WRKY108_peaks.narrowPeak
Z_mays	Zm00001eb118010	GLK27	GARP-G2-like	resources/reference_binding/reference_binding_peaks/Z_mays/Zm00001d007962_GLK27_peaks.narrowPeak
Z_mays	Zm00001eb333460	C3H28	C3H	resources/reference_binding/reference_binding_peaks/Z_mays/Zm00001d008322_C3H28_peaks.narrowPeak
Z_mays	Zm00001eb333470	C3H23	C3H	resources/reference_binding/reference_binding_peaks/Z_mays/Zm00001d008323_C3H23_peaks.narrowPeak
Z_mays	Zm00001eb335200	EREB118	AP2/ERF-ERF	resources/reference_binding/reference_binding_peaks/Z_mays/Zm00001d008546_EREB118_peaks.narrowPeak
Z_mays	Zm00001eb337270	WRKY80	WRKY	resources/reference_binding/reference_binding_peaks/Z_mays/Zm00001d008793_WRKY80_peaks.narrowPeak
Z_mays	Zm00001eb337290	WRKY26	WRKY	resources/reference_binding/reference_binding_peaks/Z_mays/Zm00001d008794_WRKY26_peaks.narrowPeak
Z_mays	Zm00001eb337350	1d008800	MYB-related	resources/reference_binding/reference_binding_peaks/Z_mays/Zm00001d008800_1d008800_peaks.narrowPeak
Z_mays	Zm00001eb337410	MYBR24	MYB-related	resources/reference_binding/reference_binding_peaks/Z_mays/Zm00001d008808_MYBR24_peaks.narrowPeak
Z_mays	Zm00001eb337530	NACTF47	NAC	resources/reference_binding/reference_binding_peaks/Z_mays/Zm00001d008817_NACTF47_peaks.narrowPeak
Z_mays	Zm00001eb340790	GATA2	C2C2-GATA	resources/reference_binding/reference_binding_peaks/Z_mays/Zm00001d009193_GATA2_peaks.narrowPeak
Z_mays	Zm00001eb344400	SCL1	GRAS	resources/reference_binding/reference_binding_peaks/Z_mays/Zm00001d009646_SCL1_peaks.narrowPeak
Z_mays	Zm00001eb344540	GATA26	C2C2-GATA	resources/reference_binding/reference_binding_peaks/Z_mays/Zm00001d009668_GATA26_peaks.narrowPeak
Z_mays	Zm00001eb352240	BZIP96	bZIP	resources/reference_binding/reference_binding_peaks/Z_mays/Zm00001d010638_BZIP96_peaks.narrowPeak
Z_mays	Zm00001eb352500	BZIP108	bZIP	resources/reference_binding/reference_binding_peaks/Z_mays/Zm00001d010667_BZIP108_peaks.narrowPeak
Z_mays	Zm00001eb358740	WRKY28	WRKY	resources/reference_binding/reference_binding_peaks/Z_mays/Zm00001d011413_WRKY28_peaks.narrowPeak
Z_mays	Zm00001eb361200	SMH3	MYB-related	resources/reference_binding/reference_binding_peaks/Z_mays/Zm00001d011691_SMH3_peaks.narrowPeak
Z_mays	Zm00001eb361590	THX6	Trihelix	resources/reference_binding/reference_binding_peaks/Z_mays/Zm00001d011730_THX6_peaks.narrowPeak
Z_mays	Zm00001eb364850	BHLH55	bHLH	resources/reference_binding/reference_binding_peaks/Z_mays/Zm00001d012067_BHLH55_peaks.narrowPeak
Z_mays	Zm00001eb366540	MYB163	MYB	resources/reference_binding/reference_binding_peaks/Z_mays/Zm00001d012255_MYB163_peaks.narrowPeak
Z_mays	Zm00001eb366690	BZIP44	bZIP	resources/reference_binding/reference_binding_peaks/Z_mays/Zm00001d012273_BZIP44_peaks.narrowPeak
Z_mays	Zm00001eb366880	LRS1	bZIP	resources/reference_binding/reference_binding_peaks/Z_mays/Zm00001d012294_LRS1_peaks.narrowPeak
Z_mays	Zm00001eb367300	MYB79	MYB	resources/reference_binding/reference_binding_peaks/Z_mays/Zm00001d012337_MYB79_peaks.narrowPeak
Z_mays	Zm00001eb367660	MYB36	MYB-related	resources/reference_binding/reference_binding_peaks/Z_mays/Zm00001d012379_MYB36_peaks.narrowPeak
Z_mays	Zm00001eb368850	WRKY90	WRKY	resources/reference_binding/reference_binding_peaks/Z_mays/Zm00001d012505_WRKY90_peaks.narrowPeak
Z_mays	Zm00001eb368970	WOX13B	HB-WOX	resources/reference_binding/reference_binding_peaks/Z_mays/Zm00001d012516_WOX13B_peaks.narrowPeak
Z_mays	Zm00001eb369280	OBF4	bZIP	resources/reference_binding/reference_binding_peaks/Z_mays/Zm00001d012553_OBF4_peaks.narrowPeak
Z_mays	Zm00001eb369730	1d012605	C2H2	resources/reference_binding/reference_binding_peaks/Z_mays/Zm00001d012605_1d012605_peaks.narrowPeak
Z_mays	Zm00001eb370470	CPP7	CPP	resources/reference_binding/reference_binding_peaks/Z_mays/Zm00001d012688_CPP7_peaks.narrowPeak
Z_mays	Zm00001eb370600	DOF45	C2C2-Dof	resources/reference_binding/reference_binding_peaks/Z_mays/Zm00001d012703_DOF45_peaks.narrowPeak
Z_mays	Zm00001eb370850	VOZ5	VOZ	resources/reference_binding/reference_binding_peaks/Z_mays/Zm00001d012734_VOZ5_peaks.narrowPeak
Z_mays	Zm00001eb370960	WRKY111	WRKY	resources/reference_binding/reference_binding_peaks/Z_mays/Zm00001d012746_WRKY111_peaks.narrowPeak
Z_mays	Zm00001eb371070	GATA13	C2C2-GATA	resources/reference_binding/reference_binding_peaks/Z_mays/Zm00001d012757_GATA13_peaks.narrowPeak
Z_mays	Zm00001eb371340	WRKY22	WRKY	resources/reference_binding/reference_binding_peaks/Z_mays/Zm00001d012789_WRKY22_peaks.narrowPeak
Z_mays	Zm00001eb212930	BHLH159	bHLH	resources/reference_binding/reference_binding_peaks/Z_mays/Zm00001d013073_BHLH159_peaks.narrowPeak
Z_mays	Zm00001eb214190	GLK8	GARP-G2-like	resources/reference_binding/reference_binding_peaks/Z_mays/Zm00001d013202_GLK8_peaks.narrowPeak
Z_mays	Zm00001eb214750	ZMM15	MADS-MIKC	resources/reference_binding/reference_binding_peaks/Z_mays/Zm00001d013259_ZMM15_peaks.narrowPeak
Z_mays	Zm00001eb215190	WRKY113	WRKY	resources/reference_binding/reference_binding_peaks/Z_mays/Zm00001d013307_WRKY113_peaks.narrowPeak
Z_mays	Zm00001eb217350	HB37	HB-BELL	resources/reference_binding/reference_binding_peaks/Z_mays/Zm00001d013547_HB37_peaks.narrowPeak
Z_mays	Zm00001eb218710	SMH6	MYB-related	resources/reference_binding/reference_binding_peaks/Z_mays/Zm00001d013694_SMH6_peaks.narrowPeak
Z_mays	Zm00001eb219740	MYB129	MYB	resources/reference_binding/reference_binding_peaks/Z_mays/Zm00001d013801_MYB129_peaks.narrowPeak
Z_mays	Zm00001eb220250	THX19	Trihelix	resources/reference_binding/reference_binding_peaks/Z_mays/Zm00001d013849_THX19_peaks.narrowPeak
Z_mays	Zm00001eb223590	ZIM30	Tify	resources/reference_binding/reference_binding_peaks/Z_mays/Zm00001d014250_ZIM30_peaks.narrowPeak
Z_mays	Zm00001eb224690	c3h63	C3H	resources/reference_binding/reference_binding_peaks/Z_mays/Zm00001d014378_c3h63_peaks.narrowPeak
Z_mays	Zm00001eb227180	SBP25	SBP	resources/reference_binding/reference_binding_peaks/Z_mays/Zm00001d014698_SBP25_peaks.narrowPeak
Z_mays	Zm00001eb227240	C3H29	C3H	resources/reference_binding/reference_binding_peaks/Z_mays/Zm00001d014705_C3H29_peaks.narrowPeak
Z_mays	Zm00001eb228320	BHLH127	bHLH	resources/reference_binding/reference_binding_peaks/Z_mays/Zm00001d014814_BHLH127_peaks.narrowPeak
Z_mays	Zm00001eb228670	MYBR96	MYB-related	resources/reference_binding/reference_binding_peaks/Z_mays/Zm00001d014863_MYBR96_peaks.narrowPeak
Z_mays	Zm00001eb231360	BZIP160	bZIP	resources/reference_binding/reference_binding_peaks/Z_mays/Zm00001d015153_BZIP160_peaks.narrowPeak
Z_mays	Zm00001eb232050	SBP27	SBP	resources/reference_binding/reference_binding_peaks/Z_mays/Zm00001d015233_SBP27_peaks.narrowPeak
Z_mays	Zm00001eb234170	GLK24	GARP-ARR-B	resources/reference_binding/reference_binding_peaks/Z_mays/Zm00001d015521_GLK24_peaks.narrowPeak
Z_mays	Zm00001eb234620	THX13	Trihelix	resources/reference_binding/reference_binding_peaks/Z_mays/Zm00001d015605_THX13_peaks.narrowPeak
Z_mays	Zm00001eb235640	EREB46	AP2/ERF-ERF	resources/reference_binding/reference_binding_peaks/Z_mays/Zm00001d015759_EREB46_peaks.narrowPeak
Z_mays	Zm00001eb238570	BZIP89	bZIP	resources/reference_binding/reference_binding_peaks/Z_mays/Zm00001d016154_BZIP89_peaks.narrowPeak
Z_mays	Zm00001eb240100	GATA15	C2C2-GATA	resources/reference_binding/reference_binding_peaks/Z_mays/Zm00001d016361_GATA15_peaks.narrowPeak
Z_mays	Zm00001eb243450	MYBR38	MYB-related	resources/reference_binding/reference_binding_peaks/Z_mays/Zm00001d016784_MYBR38_peaks.narrowPeak
Z_mays	Zm00001eb244720	CCHH3	C2H2	resources/reference_binding/reference_binding_peaks/Z_mays/Zm00001d016911_CCHH3_peaks.narrowPeak
Z_mays	Zm00001eb245030	NACTF30	NAC	resources/reference_binding/reference_binding_peaks/Z_mays/Zm00001d016950_NACTF30_peaks.narrowPeak
Z_mays	Zm00001eb248560	MYB26	MYB	resources/reference_binding/reference_binding_peaks/Z_mays/Zm00001d017383_MYB26_peaks.narrowPeak
Z_mays	Zm00001eb248590	MYB89	MYB	resources/reference_binding/reference_binding_peaks/Z_mays/Zm00001d017385_MYB89_peaks.narrowPeak
Z_mays	Zm00001eb248780	GATA3	C2C2-GATA	resources/reference_binding/reference_binding_peaks/Z_mays/Zm00001d017409_GATA3_peaks.narrowPeak
Z_mays	Zm00001eb248900	THX20	Trihelix	resources/reference_binding/reference_binding_peaks/Z_mays/Zm00001d017420_THX20_peaks.narrowPeak
Z_mays	Zm00001eb248930	HB41	HB-HD-ZIP	resources/reference_binding/reference_binding_peaks/Z_mays/Zm00001d017422_HB41_peaks.narrowPeak
Z_mays	Zm00001eb250240	IDDP10	C2H2	resources/reference_binding/reference_binding_peaks/Z_mays/Zm00001d017560_IDDP10_peaks.narrowPeak
Z_mays	Zm00001eb251530	WRKY46	WRKY	resources/reference_binding/reference_binding_peaks/Z_mays/Zm00001d017712_WRKY46_peaks.narrowPeak
Z_mays	Zm00001eb252100	BHLH29	bHLH	resources/reference_binding/reference_binding_peaks/Z_mays/Zm00001d017778_BHLH29_peaks.narrowPeak
Z_mays	Zm00001eb252220	DOF29	C2C2-Dof	resources/reference_binding/reference_binding_peaks/Z_mays/Zm00001d017788_DOF29_peaks.narrowPeak
Z_mays	Zm00001eb253370	BZIP13	bZIP	resources/reference_binding/reference_binding_peaks/Z_mays/Zm00001d017911_BZIP13_peaks.narrowPeak
Z_mays	Zm00001eb255670	MADS73	MADS-MIKC	resources/reference_binding/reference_binding_peaks/Z_mays/Zm00001d018142_MADS73_peaks.narrowPeak
Z_mays	Zm00001eb256290	GBPTF17	GeBP	resources/reference_binding/reference_binding_peaks/Z_mays/Zm00001d018208_GBPTF17_peaks.narrowPeak
Z_mays	Zm00001eb257170	EREB90	AP2/ERF-ERF	resources/reference_binding/reference_binding_peaks/Z_mays/Zm00001d018305_EREB90_peaks.narrowPeak
Z_mays	Zm00001eb258290	GATA24	C2C2-GATA	resources/reference_binding/reference_binding_peaks/Z_mays/Zm00001d018421_GATA24_peaks.narrowPeak
Z_mays	Zm00001eb259370	TCPTF4	TCP	resources/reference_binding/reference_binding_peaks/Z_mays/Zm00001d018530_TCPTF4_peaks.narrowPeak
Z_mays	Zm00001eb259650	BZIP38	bZIP	resources/reference_binding/reference_binding_peaks/Z_mays/Zm00001d018571_BZIP38_peaks.narrowPeak
Z_mays	Zm00001eb303220	EMBP1	bZIP	resources/reference_binding/reference_binding_peaks/Z_mays/Zm00001d019166_EMBP1_peaks.narrowPeak
Z_mays	Zm00001eb303810	SID1	AP2/ERF-AP2	resources/reference_binding/reference_binding_peaks/Z_mays/Zm00001d019230_SID1_peaks.narrowPeak
Z_mays	Zm00001eb306220	GLK15	GARP-G2-like	resources/reference_binding/reference_binding_peaks/Z_mays/Zm00001d019536_GLK15_peaks.narrowPeak
Z_mays	Zm00001eb307400	MYB153	MYB	resources/reference_binding/reference_binding_peaks/Z_mays/Zm00001d019712_MYB153_peaks.narrowPeak
Z_mays	Zm00001eb309370	GLK7	GARP-G2-like	resources/reference_binding/reference_binding_peaks/Z_mays/Zm00001d020020_GLK7_peaks.narrowPeak
Z_mays	Zm00001eb312620	ZHD2	zf-HD	resources/reference_binding/reference_binding_peaks/Z_mays/Zm00001d020460_ZHD2_peaks.narrowPeak
Z_mays	Zm00001eb314500	HB11	HB-HD-ZIP	resources/reference_binding/reference_binding_peaks/Z_mays/Zm00001d020670_HB11_peaks.narrowPeak
Z_mays	Zm00001eb315750	HB120	HB-HD-ZIP	resources/reference_binding/reference_binding_peaks/Z_mays/Zm00001d020804_HB120_peaks.narrowPeak
Z_mays	Zm00001eb315950	DOF16	C2C2-Dof	resources/reference_binding/reference_binding_peaks/Z_mays/Zm00001d020837_DOF16_peaks.narrowPeak
Z_mays	Zm00001eb316720	BZIP7	bZIP	resources/reference_binding/reference_binding_peaks/Z_mays/Zm00001d020938_BZIP7_peaks.narrowPeak
Z_mays	Zm00001eb319090	OCL3	HB-HD-ZIP	resources/reference_binding/reference_binding_peaks/Z_mays/Zm00001d021236_OCL3_peaks.narrowPeak
Z_mays	Zm00001eb320470	THX48	Trihelix	resources/reference_binding/reference_binding_peaks/Z_mays/Zm00001d021389_THX48_peaks.narrowPeak
Z_mays	Zm00001eb321920	MYB14	MYB	resources/reference_binding/reference_binding_peaks/Z_mays/Zm00001d021537_MYB14_peaks.narrowPeak
Z_mays	Zm00001eb323880	BHLH90	bHLH	resources/reference_binding/reference_binding_peaks/Z_mays/Zm00001d021748_BHLH90_peaks.narrowPeak
Z_mays	Zm00001eb324300	ABI22	B3	resources/reference_binding/reference_binding_peaks/Z_mays/Zm00001d021790_ABI22_peaks.narrowPeak
Z_mays	Zm00001eb328250	1d022225	bHLH	resources/reference_binding/reference_binding_peaks/Z_mays/Zm00001d022225_1d022225_peaks.narrowPeak
Z_mays	Zm00001eb328280	FDL1	MYB	resources/reference_binding/reference_binding_peaks/Z_mays/Zm00001d022227_FDL1_peaks.narrowPeak
Z_mays	Zm00001eb330850	NACTF122	NAC	resources/reference_binding/reference_binding_peaks/Z_mays/Zm00001d022424_NACTF122_peaks.narrowPeak
Z_mays	Zm00001eb405850	LBD44	LOB	resources/reference_binding/reference_binding_peaks/Z_mays/Zm00001d023316_LBD44_peaks.narrowPeak
Z_mays	Zm00001eb406610	GLK5	GARP-G2-like	resources/reference_binding/reference_binding_peaks/Z_mays/Zm00001d023411_GLK5_peaks.narrowPeak
Z_mays	Zm00001eb407810	GATA7	C2C2-GATA	resources/reference_binding/reference_binding_peaks/Z_mays/Zm00001d023539_GATA7_peaks.narrowPeak
Z_mays	Zm00001eb407830	GATA8	C2C2-GATA	resources/reference_binding/reference_binding_peaks/Z_mays/Zm00001d023541_GATA8_peaks.narrowPeak
Z_mays	Zm00001eb408000	CCHH35	C2H2	resources/reference_binding/reference_binding_peaks/Z_mays/Zm00001d023558_CCHH35_peaks.narrowPeak
Z_mays	Zm00001eb408080	TCPTF12	TCP	resources/reference_binding/reference_binding_peaks/Z_mays/Zm00001d023565_TCPTF12_peaks.narrowPeak
Z_mays	Zm00001eb408520	WRKY15	WRKY	resources/reference_binding/reference_binding_peaks/Z_mays/Zm00001d023615_WRKY15_peaks.narrowPeak
Z_mays	Zm00001eb411130	ZMM1	MADS-MIKC	resources/reference_binding/reference_binding_peaks/Z_mays/Zm00001d023955_ZMM1_peaks.narrowPeak
Z_mays	Zm00001eb411700	BZIP37	bZIP	resources/reference_binding/reference_binding_peaks/Z_mays/Zm00001d024041_BZIP37_peaks.narrowPeak
Z_mays	Zm00001eb413890	ABI51	B3	resources/reference_binding/reference_binding_peaks/Z_mays/Zm00001d024321_ABI51_peaks.narrowPeak
Z_mays	Zm00001eb413920	WRKY33	WRKY	resources/reference_binding/reference_binding_peaks/Z_mays/Zm00001d024323_WRKY33_peaks.narrowPeak
Z_mays	Zm00001eb414160	ABI26	B3	resources/reference_binding/reference_binding_peaks/Z_mays/Zm00001d024354_ABI26_peaks.narrowPeak
Z_mays	Zm00001eb416370	MYBR84	MYB-related	resources/reference_binding/reference_binding_peaks/Z_mays/Zm00001d024627_MYBR84_peaks.narrowPeak
Z_mays	Zm00001eb417000	C3H24	C3H	resources/reference_binding/reference_binding_peaks/Z_mays/Zm00001d024703_C3H24_peaks.narrowPeak
Z_mays	Zm00001eb419910	1d025060	C3H	resources/reference_binding/reference_binding_peaks/Z_mays/Zm00001d025060_1d025060_peaks.narrowPeak
Z_mays	Zm00001eb422840	1d025450	C3H	resources/reference_binding/reference_binding_peaks/Z_mays/Zm00001d025450_1d025450_peaks.narrowPeak
Z_mays	Zm00001eb423330	THX2	Trihelix	resources/reference_binding/reference_binding_peaks/Z_mays/Zm00001d025514_THX2_peaks.narrowPeak
Z_mays	Zm00001eb425230	THX25	Trihelix	resources/reference_binding/reference_binding_peaks/Z_mays/Zm00001d025720_THX25_peaks.narrowPeak
Z_mays	Zm00001eb426670	MYB132	MYB	resources/reference_binding/reference_binding_peaks/Z_mays/Zm00001d025864_MYB132_peaks.narrowPeak
Z_mays	Zm00001eb428410	PLATZ15	PLATZ	resources/reference_binding/reference_binding_peaks/Z_mays/Zm00001d026047_PLATZ15_peaks.narrowPeak
Z_mays	Zm00001eb430300	GRFTF5	GRF	resources/reference_binding/reference_binding_peaks/Z_mays/Zm00001d026240_GRFTF5_peaks.narrowPeak
Z_mays	Zm00001eb000880	THX18	Trihelix	resources/reference_binding/reference_binding_peaks/Z_mays/Zm00001d027335_THX18_peaks.narrowPeak
Z_mays	Zm00001eb001720	KNOX1	HB-KNOX	resources/reference_binding/reference_binding_peaks/Z_mays/Zm00001d027431_KNOX1_peaks.narrowPeak
Z_mays	Zm00001eb002010	BZIP114	bZIP	resources/reference_binding/reference_binding_peaks/Z_mays/Zm00001d027461_BZIP114_peaks.narrowPeak
Z_mays	Zm00001eb003900	1d027677	C2H2	resources/reference_binding/reference_binding_peaks/Z_mays/Zm00001d027677_1d027677_peaks.narrowPeak
Z_mays	Zm00001eb006680	BHLH160	bHLH	resources/reference_binding/reference_binding_peaks/Z_mays/Zm00001d027987_BHLH160_peaks.narrowPeak
Z_mays	Zm00001eb006700	HB5	HB-HD-ZIP	resources/reference_binding/reference_binding_peaks/Z_mays/Zm00001d027991_HB5_peaks.narrowPeak
Z_mays	Zm00001eb009140	CRR8	GARP-ARR-B	resources/reference_binding/reference_binding_peaks/Z_mays/Zm00001d028265_CRR8_peaks.narrowPeak
Z_mays	Zm00001eb009490	BHLH3	bHLH	resources/reference_binding/reference_binding_peaks/Z_mays/Zm00001d028297_BHLH3_peaks.narrowPeak
Z_mays	Zm00001eb010190	BZIP115	bZIP	resources/reference_binding/reference_binding_peaks/Z_mays/Zm00001d028372_BZIP115_peaks.narrowPeak
Z_mays	Zm00001eb015020	EREB26	AP2/ERF-AP2	resources/reference_binding/reference_binding_peaks/Z_mays/Zm00001d028919_EREB26_peaks.narrowPeak
Z_mays	Zm00001eb015490	GLK26	GARP-G2-like	resources/reference_binding/reference_binding_peaks/Z_mays/Zm00001d028984_GLK26_peaks.narrowPeak
Z_mays	Zm00001eb015630	NACTF44	NAC	resources/reference_binding/reference_binding_peaks/Z_mays/Zm00001d028999_NACTF44_peaks.narrowPeak
Z_mays	Zm00001eb015750	GLK17	GARP-G2-like	resources/reference_binding/reference_binding_peaks/Z_mays/Zm00001d029020_GLK17_peaks.narrowPeak
Z_mays	Zm00001eb016100	BZIP98	bZIP	resources/reference_binding/reference_binding_peaks/Z_mays/Zm00001d029064_BZIP98_peaks.narrowPeak
Z_mays	Zm00001eb024300	NACTF43	NAC	resources/reference_binding/reference_binding_peaks/Z_mays/Zm00001d030023_NACTF43_peaks.narrowPeak
Z_mays	Zm00001eb031300	CPP2	CPP	resources/reference_binding/reference_binding_peaks/Z_mays/Zm00001d031008_CPP2_peaks.narrowPeak
Z_mays	Zm00001eb035050	MYBR103	MYB-related	resources/reference_binding/reference_binding_peaks/Z_mays/Zm00001d031454_MYBR103_peaks.narrowPeak
Z_mays	Zm00001eb037480	TCPTF21	TCP	resources/reference_binding/reference_binding_peaks/Z_mays/Zm00001d031725_TCPTF21_peaks.narrowPeak
Z_mays	Zm00001eb037600	HSFTF8	HSF	resources/reference_binding/reference_binding_peaks/Z_mays/Zm00001d031736_HSFTF8_peaks.narrowPeak
Z_mays	Zm00001eb038660	EREB137	AP2/ERF-ERF	resources/reference_binding/reference_binding_peaks/Z_mays/Zm00001d031861_EREB137_peaks.narrowPeak
Z_mays	Zm00001eb040690	EREB167	AP2/ERF-ERF	resources/reference_binding/reference_binding_peaks/Z_mays/Zm00001d032095_EREB167_peaks.narrowPeak
Z_mays	Zm00001eb042980	GLK38	GARP-G2-like	resources/reference_binding/reference_binding_peaks/Z_mays/Zm00001d032384_GLK38_peaks.narrowPeak
Z_mays	Zm00001eb047750	1d032922	C2H2	resources/reference_binding/reference_binding_peaks/Z_mays/Zm00001d032922_1d032922_peaks.narrowPeak
Z_mays	Zm00001eb048370	DOF40	C2C2-Dof	resources/reference_binding/reference_binding_peaks/Z_mays/Zm00001d032999_DOF40_peaks.narrowPeak
Z_mays	Zm00001eb052070	GRFTF4	GRF	resources/reference_binding/reference_binding_peaks/Z_mays/Zm00001d033396_GRFTF4_peaks.narrowPeak
Z_mays	Zm00001eb053170	1d033523	C2C2-GATA	resources/reference_binding/reference_binding_peaks/Z_mays/Zm00001d033523_1d033523_peaks.narrowPeak
Z_mays	Zm00001eb053870	C3H17	C3H	resources/reference_binding/reference_binding_peaks/Z_mays/Zm00001d033610_C3H17_peaks.narrowPeak
Z_mays	Zm00001eb055540	MYB77	MYB	resources/reference_binding/reference_binding_peaks/Z_mays/Zm00001d033815_MYB77_peaks.narrowPeak
Z_mays	Zm00001eb055990	BHLH27	bHLH	resources/reference_binding/reference_binding_peaks/Z_mays/Zm00001d033870_BHLH27_peaks.narrowPeak
Z_mays	Zm00001eb056780	WRKY107	WRKY	resources/reference_binding/reference_binding_peaks/Z_mays/Zm00001d033965_WRKY107_peaks.narrowPeak
Z_mays	Zm00001eb057820	WRKY30	WRKY	resources/reference_binding/reference_binding_peaks/Z_mays/Zm00001d034073_WRKY30_peaks.narrowPeak
Z_mays	Zm00001eb058370	1d034145	C2H2	resources/reference_binding/reference_binding_peaks/Z_mays/Zm00001d034145_1d034145_peaks.narrowPeak
Z_mays	Zm00001eb060910	OHP1	bZIP	resources/reference_binding/reference_binding_peaks/Z_mays/Zm00001d034457_OHP1_peaks.narrowPeak
Z_mays	Zm00001eb061930	BZIP29	bZIP	resources/reference_binding/reference_binding_peaks/Z_mays/Zm00001d034571_BZIP29_peaks.narrowPeak
Z_mays	Zm00001eb062460	TS6	AP2/ERF-AP2	resources/reference_binding/reference_binding_peaks/Z_mays/Zm00001d034629_TS6_peaks.narrowPeak
Z_mays	Zm00001eb062640	DOF27	C2C2-Dof	resources/reference_binding/reference_binding_peaks/Z_mays/Zm00001d034651_DOF27_peaks.narrowPeak
Z_mays	Zm00001eb063610	GATA18	C2C2-GATA	resources/reference_binding/reference_binding_peaks/Z_mays/Zm00001d034751_GATA18_peaks.narrowPeak
Z_mays	Zm00001eb064880	WRKY10	WRKY	resources/reference_binding/reference_binding_peaks/Z_mays/Zm00001d034888_WRKY10_peaks.narrowPeak
Z_mays	Zm00001eb065500	THX36	Trihelix	resources/reference_binding/reference_binding_peaks/Z_mays/Zm00001d034953_THX36_peaks.narrowPeak
Z_mays	Zm00001eb259870	ABI49	B3	resources/reference_binding/reference_binding_peaks/Z_mays/Zm00001d034965_ABI49_peaks.narrowPeak
Z_mays	Zm00001eb264780	WRKY62	WRKY	resources/reference_binding/reference_binding_peaks/Z_mays/Zm00001d035323_WRKY62_peaks.narrowPeak
Z_mays	Zm00001eb267130	CCHH4	C2H2	resources/reference_binding/reference_binding_peaks/Z_mays/Zm00001d035701_CCHH4_peaks.narrowPeak
Z_mays	Zm00001eb269810	NACTF21	NAC	resources/reference_binding/reference_binding_peaks/Z_mays/Zm00001d036050_NACTF21_peaks.narrowPeak
Z_mays	Zm00001eb270470	WHY1	Whirly	resources/reference_binding/reference_binding_peaks/Z_mays/Zm00001d036148_WHY1_peaks.narrowPeak
Z_mays	Zm00001eb272490	SI1	MADS-MIKC	resources/reference_binding/reference_binding_peaks/Z_mays/Zm00001d036425_SI1_peaks.narrowPeak
Z_mays	Zm00001eb273020	ZIM20	Tify	resources/reference_binding/reference_binding_peaks/Z_mays/Zm00001d036494_ZIM20_peaks.narrowPeak
Z_mays	Zm00001eb273570	MYB59	MYB	resources/reference_binding/reference_binding_peaks/Z_mays/Zm00001d036551_MYB59_peaks.narrowPeak
Z_mays	Zm00001eb275860	1d036812	C2H2	resources/reference_binding/reference_binding_peaks/Z_mays/Zm00001d036812_1d036812_peaks.narrowPeak
Z_mays	Zm00001eb278090	WRKY13	WRKY	resources/reference_binding/reference_binding_peaks/Z_mays/Zm00001d037054_WRKY13_peaks.narrowPeak
Z_mays	Zm00001eb281570	CPP12	CPP	resources/reference_binding/reference_binding_peaks/Z_mays/Zm00001d037461_CPP12_peaks.narrowPeak
Z_mays	Zm00001eb282810	GATA12	C2C2-GATA	resources/reference_binding/reference_binding_peaks/Z_mays/Zm00001d037605_GATA12_peaks.narrowPeak
Z_mays	Zm00001eb286490	WRKY83	WRKY	resources/reference_binding/reference_binding_peaks/Z_mays/Zm00001d038023_WRKY83_peaks.narrowPeak
Z_mays	Zm00001eb287100	DWIL1	AP2/ERF-ERF	resources/reference_binding/reference_binding_peaks/Z_mays/Zm00001d038087_DWIL1_peaks.narrowPeak
Z_mays	Zm00001eb290900	ABI45	B3	resources/reference_binding/reference_binding_peaks/Z_mays/Zm00001d038504_ABI45_peaks.narrowPeak
Z_mays	Zm00001eb292380	CPP4	CPP	resources/reference_binding/reference_binding_peaks/Z_mays/Zm00001d038660_CPP4_peaks.narrowPeak
Z_mays	Zm00001eb293840	HOX2	HB-other	resources/reference_binding/reference_binding_peaks/Z_mays/Zm00001d038812_HOX2_peaks.narrowPeak
Z_mays	Zm00001eb294560	MYB99	MYB	resources/reference_binding/reference_binding_peaks/Z_mays/Zm00001d038878_MYB99_peaks.narrowPeak
Z_mays	Zm00001eb295700	THX1	Trihelix	resources/reference_binding/reference_binding_peaks/Z_mays/Zm00001d038994_THX1_peaks.narrowPeak
Z_mays	Zm00001eb295810	NACTF87	NAC	resources/reference_binding/reference_binding_peaks/Z_mays/Zm00001d039004_NACTF87_peaks.narrowPeak
Z_mays	Zm00001eb296770	TSH1	C2C2-GATA	resources/reference_binding/reference_binding_peaks/Z_mays/Zm00001d039113_TSH1_peaks.narrowPeak
Z_mays	Zm00001eb297530	1d039185	MYB-related	resources/reference_binding/reference_binding_peaks/Z_mays/Zm00001d039185_1d039185_peaks.narrowPeak
Z_mays	Zm00001eb119340	MYB117	MYB	resources/reference_binding/reference_binding_peaks/Z_mays/Zm00001d039306_MYB117_peaks.narrowPeak
Z_mays	Zm00001eb119540	EREB50	AP2/ERF-ERF	resources/reference_binding/reference_binding_peaks/Z_mays/Zm00001d039324_EREB50_peaks.narrowPeak
Z_mays	Zm00001eb120750	BZR2	BES1	resources/reference_binding/reference_binding_peaks/Z_mays/Zm00001d039439_BZR2_peaks.narrowPeak
Z_mays	Zm00001eb121600	WRKY27	WRKY	resources/reference_binding/reference_binding_peaks/Z_mays/Zm00001d039531_WRKY27_peaks.narrowPeak
Z_mays	Zm00001eb123510	SMH5	MYB-related	resources/reference_binding/reference_binding_peaks/Z_mays/Zm00001d039750_SMH5_peaks.narrowPeak
Z_mays	Zm00001eb126890	NRP1	NAC	resources/reference_binding/reference_binding_peaks/Z_mays/Zm00001d040189_NRP1_peaks.narrowPeak
Z_mays	Zm00001eb127840	C3H12	C3H	resources/reference_binding/reference_binding_peaks/Z_mays/Zm00001d040301_C3H12_peaks.narrowPeak
Z_mays	Zm00001eb127850	C3H35	C3H	resources/reference_binding/reference_binding_peaks/Z_mays/Zm00001d040302_C3H35_peaks.narrowPeak
Z_mays	Zm00001eb129290	BZIP42	bZIP	resources/reference_binding/reference_binding_peaks/Z_mays/Zm00001d040500_BZIP42_peaks.narrowPeak
Z_mays	Zm00001eb130260	MYB40	MYB	resources/reference_binding/reference_binding_peaks/Z_mays/Zm00001d040621_MYB40_peaks.narrowPeak
Z_mays	Zm00001eb131420	GATA27	C2C2-GATA	resources/reference_binding/reference_binding_peaks/Z_mays/Zm00001d040775_GATA27_peaks.narrowPeak
Z_mays	Zm00001eb134520	YAB5	C2C2-YABBY	resources/reference_binding/reference_binding_peaks/Z_mays/Zm00001d041277_YAB5_peaks.narrowPeak
Z_mays	Zm00001eb135400	WRKY110	WRKY	resources/reference_binding/reference_binding_peaks/Z_mays/Zm00001d041397_WRKY110_peaks.narrowPeak
Z_mays	Zm00001eb136060	HB25	HB-HD-ZIP	resources/reference_binding/reference_binding_peaks/Z_mays/Zm00001d041489_HB25_peaks.narrowPeak
Z_mays	Zm00001eb136350	GRAS50	GRAS	resources/reference_binding/reference_binding_peaks/Z_mays/Zm00001d041536_GRAS50_peaks.narrowPeak
Z_mays	Zm00001eb138640	MYB51	MYB	resources/reference_binding/reference_binding_peaks/Z_mays/Zm00001d041818_MYB51_peaks.narrowPeak
Z_mays	Zm00001eb139160	GATA31	C2C2-GATA	resources/reference_binding/reference_binding_peaks/Z_mays/Zm00001d041883_GATA31_peaks.narrowPeak
Z_mays	Zm00001eb141310	GRAS4	GRAS	resources/reference_binding/reference_binding_peaks/Z_mays/Zm00001d042127_GRAS4_peaks.narrowPeak
Z_mays	Zm00001eb142600	THX30	Trihelix	resources/reference_binding/reference_binding_peaks/Z_mays/Zm00001d042271_THX30_peaks.narrowPeak
Z_mays	Zm00001eb143430	C3H13	C3H	resources/reference_binding/reference_binding_peaks/Z_mays/Zm00001d042363_C3H13_peaks.narrowPeak
Z_mays	Zm00001eb143520	BHLH32	bHLH	resources/reference_binding/reference_binding_peaks/Z_mays/Zm00001d042373_BHLH32_peaks.narrowPeak
Z_mays	Zm00001eb143690	VP1	B3	resources/reference_binding/reference_binding_peaks/Z_mays/Zm00001d042396_VP1_peaks.narrowPeak
Z_mays	Zm00001eb145420	EREB52	AP2/ERF-ERF	resources/reference_binding/reference_binding_peaks/Z_mays/Zm00001d042588_EREB52_peaks.narrowPeak
Z_mays	Zm00001eb145660	ZMM16	MADS-MIKC	resources/reference_binding/reference_binding_peaks/Z_mays/Zm00001d042618_ZMM16_peaks.narrowPeak
Z_mays	Zm00001eb146690	BZIP95	bZIP	resources/reference_binding/reference_binding_peaks/Z_mays/Zm00001d042721_BZIP95_peaks.narrowPeak
Z_mays	Zm00001eb149550	WRKY81	WRKY	resources/reference_binding/reference_binding_peaks/Z_mays/Zm00001d043060_WRKY81_peaks.narrowPeak
Z_mays	Zm00001eb152420	CPP11	CPP	resources/reference_binding/reference_binding_peaks/Z_mays/Zm00001d043378_CPP11_peaks.narrowPeak
Z_mays	Zm00001eb153330	WRKY103	WRKY	resources/reference_binding/reference_binding_peaks/Z_mays/Zm00001d043474_WRKY103_peaks.narrowPeak
Z_mays	Zm00001eb153470	EREB134	AP2/ERF-ERF	resources/reference_binding/reference_binding_peaks/Z_mays/Zm00001d043491_EREB134_peaks.narrowPeak
Z_mays	Zm00001eb154170	WRKY29	WRKY	resources/reference_binding/reference_binding_peaks/Z_mays/Zm00001d043569_WRKY29_peaks.narrowPeak
Z_mays	Zm00001eb156040	EREB126	AP2/ERF-RAV	resources/reference_binding/reference_binding_peaks/Z_mays/Zm00001d043782_EREB126_peaks.narrowPeak
Z_mays	Zm00001eb157080	THX17	Trihelix	resources/reference_binding/reference_binding_peaks/Z_mays/Zm00001d043902_THX17_peaks.narrowPeak
Z_mays	Zm00001eb157260	NACTF82	NAC	resources/reference_binding/reference_binding_peaks/Z_mays/Zm00001d043921_NACTF82_peaks.narrowPeak
Z_mays	Zm00001eb159340	WRKY64	WRKY	resources/reference_binding/reference_binding_peaks/Z_mays/Zm00001d044162_WRKY64_peaks.narrowPeak
Z_mays	Zm00001eb161000	ABI48	B3	resources/reference_binding/reference_binding_peaks/Z_mays/Zm00001d044355_ABI48_peaks.narrowPeak
Z_mays	Zm00001eb373300	BZIP100	bZIP	resources/reference_binding/reference_binding_peaks/Z_mays/Zm00001d044940_BZIP100_peaks.narrowPeak
Z_mays	Zm00001eb374110	EREB160	AP2/ERF-ERF	resources/reference_binding/reference_binding_peaks/Z_mays/Zm00001d045044_EREB160_peaks.narrowPeak
Z_mays	Zm00001eb374760	ARR2	GARP-ARR-B	resources/reference_binding/reference_binding_peaks/Z_mays/Zm00001d045112_ARR2_peaks.narrowPeak
Z_mays	Zm00001eb377500	HB4	HB-HD-ZIP	resources/reference_binding/reference_binding_peaks/Z_mays/Zm00001d045400_HB4_peaks.narrowPeak
Z_mays	Zm00001eb379550	NACTF117	NAC	resources/reference_binding/reference_binding_peaks/Z_mays/Zm00001d045617_NACTF117_peaks.narrowPeak
Z_mays	Zm00001eb380460	CONZ1	C2C2-CO-like	resources/reference_binding/reference_binding_peaks/Z_mays/Zm00001d045735_CONZ1_peaks.narrowPeak
Z_mays	Zm00001eb380990	COL6	C2C2-CO-like	resources/reference_binding/reference_binding_peaks/Z_mays/Zm00001d045804_COL6_peaks.narrowPeak
Z_mays	Zm00001eb385190	GATA29	C2C2-GATA	resources/reference_binding/reference_binding_peaks/Z_mays/Zm00001d046354_GATA29_peaks.narrowPeak
Z_mays	Zm00001eb387370	MYB112	MYB	resources/reference_binding/reference_binding_peaks/Z_mays/Zm00001d046632_MYB112_peaks.narrowPeak
Z_mays	Zm00001eb388180	C3H18	C3H	resources/reference_binding/reference_binding_peaks/Z_mays/Zm00001d046740_C3H18_peaks.narrowPeak
Z_mays	Zm00001eb388300	BHLH69	bHLH	resources/reference_binding/reference_binding_peaks/Z_mays/Zm00001d046759_BHLH69_peaks.narrowPeak
Z_mays	Zm00001eb389400	HSCF1	AP2/ERF-AP2	resources/reference_binding/reference_binding_peaks/Z_mays/Zm00001d046913_HSCF1_peaks.narrowPeak
Z_mays	Zm00001eb389660	BZIP17	bZIP	resources/reference_binding/reference_binding_peaks/Z_mays/Zm00001d046937_BZIP17_peaks.narrowPeak
Z_mays	Zm00001eb391280	GATA28	C2C2-GATA	resources/reference_binding/reference_binding_peaks/Z_mays/Zm00001d047081_GATA28_peaks.narrowPeak
Z_mays	Zm00001eb393300	WRKY61	WRKY	resources/reference_binding/reference_binding_peaks/Z_mays/Zm00001d047309_WRKY61_peaks.narrowPeak
Z_mays	Zm00001eb398110	EREB173	AP2/ERF-ERF	resources/reference_binding/reference_binding_peaks/Z_mays/Zm00001d047860_EREB173_peaks.narrowPeak
Z_mays	Zm00001eb399030	MYBR54	MYB-related	resources/reference_binding/reference_binding_peaks/Z_mays/Zm00001d047960_MYBR54_peaks.narrowPeak
Z_mays	Zm00001eb399800	HSFTF9	HSF	resources/reference_binding/reference_binding_peaks/Z_mays/Zm00001d048041_HSFTF9_peaks.narrowPeak
Z_mays	Zm00001eb400130	DRL2	C2C2-YABBY	resources/reference_binding/reference_binding_peaks/Z_mays/Zm00001d048083_DRL2_peaks.narrowPeak
Z_mays	Zm00001eb401480	BHLH21	bHLH	resources/reference_binding/reference_binding_peaks/Z_mays/Zm00001d048229_BHLH21_peaks.narrowPeak
Z_mays	Zm00001eb402220	HB22	HB-HD-ZIP	resources/reference_binding/reference_binding_peaks/Z_mays/Zm00001d048312_HB22_peaks.narrowPeak
Z_mays	Zm00001eb402950	GATA10	C2C2-GATA	resources/reference_binding/reference_binding_peaks/Z_mays/Zm00001d048391_GATA10_peaks.narrowPeak
Z_mays	Zm00001eb403020	1d048400	C2H2	resources/reference_binding/reference_binding_peaks/Z_mays/Zm00001d048400_1d048400_peaks.narrowPeak
Z_mays	Zm00001eb403720	HB20	HB-KNOX	resources/reference_binding/reference_binding_peaks/Z_mays/Zm00001d048471_HB20_peaks.narrowPeak
Z_mays	Zm00001eb403750	MADS1	MADS-MIKC	resources/reference_binding/reference_binding_peaks/Z_mays/Zm00001d048474_MADS1_peaks.narrowPeak
Z_mays	Zm00001eb403880	NACTF57	NAC	resources/reference_binding/reference_binding_peaks/Z_mays/Zm00001d048493_NACTF57_peaks.narrowPeak
Z_mays	Zm00001eb168120	ZHD1	zf-HD	resources/reference_binding/reference_binding_peaks/Z_mays/Zm00001d049000_ZHD1_peaks.narrowPeak
Z_mays	Zm00001eb168870	ABI36	B3	resources/reference_binding/reference_binding_peaks/Z_mays/Zm00001d049094_ABI36_peaks.narrowPeak
Z_mays	Zm00001eb169150	1d049137	C2H2	resources/reference_binding/reference_binding_peaks/Z_mays/Zm00001d049137_1d049137_peaks.narrowPeak
Z_mays	Zm00001eb172100	MYBR83	MYB-related	resources/reference_binding/reference_binding_peaks/Z_mays/Zm00001d049495_MYBR83_peaks.narrowPeak
Z_mays	Zm00001eb172880	MYBR92	MYB-related	resources/reference_binding/reference_binding_peaks/Z_mays/Zm00001d049581_MYBR92_peaks.narrowPeak
Z_mays	Zm00001eb175840	NACTF12	NAC	resources/reference_binding/reference_binding_peaks/Z_mays/Zm00001d049913_NACTF12_peaks.narrowPeak
Z_mays	Zm00001eb176680	BZIP68	bZIP	resources/reference_binding/reference_binding_peaks/Z_mays/Zm00001d050018_BZIP68_peaks.narrowPeak
Z_mays	Zm00001eb179000	HB7	HB-HD-ZIP	resources/reference_binding/reference_binding_peaks/Z_mays/Zm00001d050310_HB7_peaks.narrowPeak
Z_mays	Zm00001eb180800	THX34	Trihelix	resources/reference_binding/reference_binding_peaks/Z_mays/Zm00001d050583_THX34_peaks.narrowPeak
Z_mays	Zm00001eb181760	THX40	Trihelix	resources/reference_binding/reference_binding_peaks/Z_mays/Zm00001d050698_THX40_peaks.narrowPeak
Z_mays	Zm00001eb186200	THX16	Trihelix	resources/reference_binding/reference_binding_peaks/Z_mays/Zm00001d051316_THX16_peaks.narrowPeak
Z_mays	Zm00001eb191020	NACTF26	NAC	resources/reference_binding/reference_binding_peaks/Z_mays/Zm00001d051879_NACTF26_peaks.narrowPeak
Z_mays	Zm00001eb191940	GATA4	C2C2-GATA	resources/reference_binding/reference_binding_peaks/Z_mays/Zm00001d051981_GATA4_peaks.narrowPeak
Z_mays	Zm00001eb195420	WRKY16	WRKY	resources/reference_binding/reference_binding_peaks/Z_mays/Zm00001d052357_WRKY16_peaks.narrowPeak
Z_mays	Zm00001eb195490	EREB155	AP2/ERF-ERF	resources/reference_binding/reference_binding_peaks/Z_mays/Zm00001d052365_EREB155_peaks.narrowPeak
Z_mays	Zm00001eb196010	1d052413	C2C2-GATA	resources/reference_binding/reference_binding_peaks/Z_mays/Zm00001d052413_1d052413_peaks.narrowPeak
Z_mays	Zm00001eb198710	ABI47	B3	resources/reference_binding/reference_binding_peaks/Z_mays/Zm00001d052750_ABI47_peaks.narrowPeak
Z_mays	Zm00001eb199110	THX3	Trihelix	resources/reference_binding/reference_binding_peaks/Z_mays/Zm00001d052798_THX3_peaks.narrowPeak
Z_mays	Zm00001eb199200	BZIP16	bZIP	resources/reference_binding/reference_binding_peaks/Z_mays/Zm00001d052807_BZIP16_peaks.narrowPeak
Z_mays	Zm00001eb202410	THX38	Trihelix	resources/reference_binding/reference_binding_peaks/Z_mays/Zm00001d053178_THX38_peaks.narrowPeak
Z_mays	Zm00001eb204110	BHLH24	bHLH	resources/reference_binding/reference_binding_peaks/Z_mays/Zm00001d053391_BHLH24_peaks.narrowPeak
Z_mays	Zm00001eb206760	KNOX7	HB-KNOX	resources/reference_binding/reference_binding_peaks/Z_mays/Zm00001d053749_KNOX7_peaks.narrowPeak
Z_mays	Zm00001eb208150	SBP20	SBP	resources/reference_binding/reference_binding_peaks/Z_mays/Zm00001d053890_SBP20_peaks.narrowPeak
Z_mays	Zm00001eb208910	BZR5	BES1	resources/reference_binding/reference_binding_peaks/Z_mays/Zm00001d053975_BZR5_peaks.narrowPeak
Z_mays	Zm00001eb209480	BHLH128	bHLH	resources/reference_binding/reference_binding_peaks/Z_mays/Zm00001d054038_BHLH128_peaks.narrowPeak
Z_mays	Zm00001eb060230	1eb060230	C2C2-GATA	resources/reference_binding/reference_binding_peaks/Z_mays/Zm00001eb060230_1eb060230_peaks.narrowPeak
A_thaliana	AT1G01060	LHY1	MYB-related	resources/reference_binding/reference_binding_peaks/A_thaliana/MYB-related_AT1G01060_LHY1_col_a_chr1-5_GEM_events.narrowPeak
A_thaliana	AT1G01250	AT1G01250	AP2-ERF-ERF	resources/reference_binding/reference_binding_peaks/A_thaliana/AP2-ERF-ERF_AT1G01250_AT1G01250_AT1G01250_col_a_chr1-5_GEM_events.narrowPeak
A_thaliana	AT1G01720	ATAF1	NAC	resources/reference_binding/reference_binding_peaks/A_thaliana/NAC_AT1G01720_ATAF1_col_a_chr1-5_GEM_events.narrowPeak
A_thaliana	AT1G02230	ANAC004	NAC	resources/reference_binding/reference_binding_peaks/A_thaliana/NAC_AT1G02230_ANAC004_col_a_chr1-5_GEM_events.narrowPeak
A_thaliana	AT1G02250	ANAC005	NAC	resources/reference_binding/reference_binding_peaks/A_thaliana/NAC_AT1G02250_ANAC005_col_a_chr1-5_GEM_events.narrowPeak
A_thaliana	AT1G03800	ERF10	AP2-ERF-ERF	resources/reference_binding/reference_binding_peaks/A_thaliana/AP2-ERF-ERF_AT1G03800_ERF10_col_a_chr1-5_GEM_events.narrowPeak
A_thaliana	AT1G03840	MGP	C2H2	resources/reference_binding/reference_binding_peaks/A_thaliana/C2H2_AT1G03840_MGP_COLAMP_colamp_a_chr1-5_GEM_events.narrowPeak
A_thaliana	AT1G06180	MYB13	MYB	resources/reference_binding/reference_binding_peaks/A_thaliana/MYB_AT1G06180_MYB13_col_a_chr1-5_GEM_events.narrowPeak
A_thaliana	AT1G06280	LBD2	LOB	resources/reference_binding/reference_binding_peaks/A_thaliana/LOB_AT1G06280_LBD2_col_a_chr1-5_GEM_events.narrowPeak
A_thaliana	AT1G06850	BZIP52	bZIP	resources/reference_binding/reference_binding_peaks/A_thaliana/bZIP_AT1G06850_BZIP52_COL_col_v31_chr1-5_GEM_events.narrowPeak
A_thaliana	AT1G08010	GATA11	C2C2-GATA	resources/reference_binding/reference_binding_peaks/A_thaliana/C2C2-GATA_AT1G08010_GATA11_col_a_chr1-5_GEM_events.narrowPeak
A_thaliana	AT1G08320	TGA9	bZIP	resources/reference_binding/reference_binding_peaks/A_thaliana/bZIP_AT1G08320_TGA9_col_a_chr1-5_GEM_events.narrowPeak
A_thaliana	AT1G09540	MYB61	MYB	resources/reference_binding/reference_binding_peaks/A_thaliana/MYB_AT1G09540_MYB61_col_a_chr1-5_GEM_events.narrowPeak
A_thaliana	AT1G12260	VND4	NAC	resources/reference_binding/reference_binding_peaks/A_thaliana/NAC_AT1G12260_VND4_col_chr1-5_GEM_events.narrowPeak
A_thaliana	AT1G12610	DDF1	AP2-ERF-ERF	resources/reference_binding/reference_binding_peaks/A_thaliana/AP2-ERF-ERF_AT1G12610_DDF1_col_a_chr1-5_GEM_events.narrowPeak
A_thaliana	AT1G12630	AT1G12630	AP2-ERF-ERF	resources/reference_binding/reference_binding_peaks/A_thaliana/AP2-ERF-ERF_AT1G12630_AT1G12630_AT1G12630_col_a_chr1-5_GEM_events.narrowPeak
A_thaliana	AT1G13260	RAV1	AP2-ERF-RAV	resources/reference_binding/reference_binding_peaks/A_thaliana/AP2-ERF-RAV_AT1G13260_RAV1_col_chr1-5_GEM_events.narrowPeak
A_thaliana	AT1G13450	GT1	Trihelix	resources/reference_binding/reference_binding_peaks/A_thaliana/Trihelix_AT1G13450_GT1_col_a_chr1-5_GEM_events.narrowPeak
A_thaliana	AT1G14687	ATHB32	zf-HD	resources/reference_binding/reference_binding_peaks/A_thaliana/zf-HD_AT1G14687_ATHB32_COL200_col200_a_chr1-5_GEM_events.narrowPeak
A_thaliana	AT1G16490	MYB58	MYB	resources/reference_binding/reference_binding_peaks/A_thaliana/MYB_AT1G16490_MYB58_col_a_chr1-5_GEM_events.narrowPeak
A_thaliana	AT1G18330	EPR1	MYB-related	resources/reference_binding/reference_binding_peaks/A_thaliana/MYB-related_AT1G18330_EPR1_col_chr1-5_GEM_events.narrowPeak
A_thaliana	AT1G19000	AT1G19000	MYB-related	resources/reference_binding/reference_binding_peaks/A_thaliana/MYB-related_AT1G19000_AT1G19000_AT1G19000_col_a_chr1-5_GEM_events.narrowPeak
A_thaliana	AT1G19040	AT1G19040	NAC	resources/reference_binding/reference_binding_peaks/A_thaliana/NAC_AT1G19040_AT1G19040_AT1G19040_col_a_chr1-5_GEM_events.narrowPeak
A_thaliana	AT1G19210	AT1G19210	AP2-ERF-ERF	resources/reference_binding/reference_binding_peaks/A_thaliana/AP2-ERF-ERF_AT1G19210_AT1G19210_AT1G19210_col_a_chr1-5_GEM_events.narrowPeak
A_thaliana	AT1G19790	SRS7	SRS	resources/reference_binding/reference_binding_peaks/A_thaliana/SRS_AT1G19790_SRS7_COLAMP_colamp_a_chr1-5_GEM_events.narrowPeak
A_thaliana	AT1G19850	MP	B3-ARF	resources/reference_binding/reference_binding_peaks/A_thaliana/B3-ARF_AT1G19850_MP_col_chr1-5_GEM_events.narrowPeak
A_thaliana	AT1G20910	AT1G20910	AT1G20910	resources/reference_binding/reference_binding_peaks/A_thaliana/AT1G20910_AT1G20910_AT1G20910_col_a_chr1-5_GEM_events.narrowPeak
A_thaliana	AT1G20980	SPL14	SBP	resources/reference_binding/reference_binding_peaks/A_thaliana/SBP_AT1G20980_SPL14_col_a_chr1-5_GEM_events.narrowPeak
A_thaliana	AT1G22070	TGA3	bZIP	resources/reference_binding/reference_binding_peaks/A_thaliana/bZIP_AT1G22070_TGA3_col_chr1-5_GEM_events.narrowPeak
A_thaliana	AT1G22810	AT1G22810	AP2-ERF-ERF	resources/reference_binding/reference_binding_peaks/A_thaliana/AP2-ERF-ERF_AT1G22810_AT1G22810_AT1G22810_col_chr1-5_GEM_events.narrowPeak
A_thaliana	AT1G24250	AT1G24250	AT1G24250	resources/reference_binding/reference_binding_peaks/A_thaliana/AT1G24250_AT1G24250_AT1G24250_col_a_chr1-5_GEM_events.narrowPeak
A_thaliana	AT1G25340	MYB116	MYB	resources/reference_binding/reference_binding_peaks/A_thaliana/MYB_AT1G25340_MYB116_COLAMP_colamp_a_chr1-5_GEM_events.narrowPeak
A_thaliana	AT1G25550	AT1G25550	GARP-G2-like	resources/reference_binding/reference_binding_peaks/A_thaliana/GARP-G2-like_AT1G25550_AT1G25550_AT1G25550_col_chr1-5_GEM_events.narrowPeak
A_thaliana	AT1G27730	STZ	C2H2	resources/reference_binding/reference_binding_peaks/A_thaliana/C2H2_AT1G27730_STZ_col_chr1-5_GEM_events.narrowPeak
A_thaliana	AT1G28160	AT1G28160	AP2-ERF-ERF	resources/reference_binding/reference_binding_peaks/A_thaliana/AP2-ERF-ERF_AT1G28160_AT1G28160_AT1G28160_col_a_chr1-5_GEM_events.narrowPeak
A_thaliana	AT1G28370	ERF11	AP2-ERF-ERF	resources/reference_binding/reference_binding_peaks/A_thaliana/AP2-ERF-ERF_AT1G28370_ERF11_COL_col_b_chr1-5_GEM_events.narrowPeak
A_thaliana	AT1G28470	SND3	NAC	resources/reference_binding/reference_binding_peaks/A_thaliana/NAC_AT1G28470_SND3_COL_col_b_chr1-5_GEM_events.narrowPeak
A_thaliana	AT1G29160	COG1	C2C2-Dof	resources/reference_binding/reference_binding_peaks/A_thaliana/C2C2-Dof_AT1G29160_COG1_col_a_chr1-5_GEM_events.narrowPeak
A_thaliana	AT1G29280	WRKY65	WRKY	resources/reference_binding/reference_binding_peaks/A_thaliana/WRKY_AT1G29280_WRKY65_col_a_chr1-5_GEM_events.narrowPeak
A_thaliana	AT1G29860	WRKY71	WRKY	resources/reference_binding/reference_binding_peaks/A_thaliana/WRKY_AT1G29860_WRKY71_col_a_chr1-5_GEM_events.narrowPeak
A_thaliana	AT1G30210	TCP24	TCP	resources/reference_binding/reference_binding_peaks/A_thaliana/TCP_AT1G30210_TCP24_col_chr1-5_GEM_events.narrowPeak
A_thaliana	AT1G30490	PHV	HB-HD-ZIP	resources/reference_binding/reference_binding_peaks/A_thaliana/HB-HD-ZIP_AT1G30490_PHV_col_a_chr1-5_GEM_events.narrowPeak
A_thaliana	AT1G30650	WRKY14	WRKY	resources/reference_binding/reference_binding_peaks/A_thaliana/WRKY_AT1G30650_WRKY14_col_a_chr1-5_GEM_events.narrowPeak
A_thaliana	AT1G31140	AGL63	MADS-MIKC	resources/reference_binding/reference_binding_peaks/A_thaliana/MADS-MIKC_AT1G31140_AGL63_col_a_chr1-5_GEM_events.narrowPeak
A_thaliana	AT1G32150	BZIP68	bZIP	resources/reference_binding/reference_binding_peaks/A_thaliana/bZIP_AT1G32150_BZIP68_col_a_chr1-5_GEM_events.narrowPeak
A_thaliana	AT1G32870	ANAC013	NAC	resources/reference_binding/reference_binding_peaks/A_thaliana/NAC_AT1G32870_ANAC013_col_a_chr1-5_GEM_events.narrowPeak
A_thaliana	AT1G33240	GTL1	Trihelix	resources/reference_binding/reference_binding_peaks/A_thaliana/Trihelix_AT1G33240_GTL1_col_a_chr1-5_GEM_events.narrowPeak
A_thaliana	AT1G34180	ANAC016	NAC	resources/reference_binding/reference_binding_peaks/A_thaliana/NAC_AT1G34180_ANAC016_col_a_chr1-5_GEM_events.narrowPeak
A_thaliana	AT1G34190	ANAC017	NAC	resources/reference_binding/reference_binding_peaks/A_thaliana/NAC_AT1G34190_ANAC017_col_chr1-5_GEM_events.narrowPeak
A_thaliana	AT1G34370	STOP1	C2H2	resources/reference_binding/reference_binding_peaks/A_thaliana/C2H2_AT1G34370_STOP1_COLAMP_colamp_a_chr1-5_GEM_events.narrowPeak
A_thaliana	AT1G34670	MYB93	MYB	resources/reference_binding/reference_binding_peaks/A_thaliana/MYB_AT1G34670_MYB93_col_a_chr1-5_GEM_events.narrowPeak
A_thaliana	AT1G35460	BHLH80	bHLH	resources/reference_binding/reference_binding_peaks/A_thaliana/bHLH_AT1G35460_BHLH80_col_a_chr1-5_GEM_events.narrowPeak
A_thaliana	AT1G36060	AT1G36060	AP2-ERF-ERF	resources/reference_binding/reference_binding_peaks/A_thaliana/AP2-ERF-ERF_AT1G36060_AT1G36060_AT1G36060_col_a_chr1-5_GEM_events.narrowPeak
A_thaliana	AT1G43160	RAP2.6	AP2-ERF-ERF	resources/reference_binding/reference_binding_peaks/A_thaliana/AP2-ERF-ERF_AT1G43160_RAP2.6_col_a_chr1-5_GEM_events.narrowPeak
A_thaliana	AT1G43700	VIP1	bZIP	resources/reference_binding/reference_binding_peaks/A_thaliana/bZIP_AT1G43700_VIP1_COL_col_v3a_chr1-5_GEM_events.narrowPeak
A_thaliana	AT1G44830	AT1G44830	AP2-ERF-ERF	resources/reference_binding/reference_binding_peaks/A_thaliana/AP2-ERF-ERF_AT1G44830_AT1G44830_AT1G44830_col_a_chr1-5_GEM_events.narrowPeak
A_thaliana	AT1G46768	RAP2.1	AP2-ERF-ERF	resources/reference_binding/reference_binding_peaks/A_thaliana/AP2-ERF-ERF_AT1G46768_RAP2.1_col_a_chr1-5_GEM_events.narrowPeak
A_thaliana	AT1G47655	AT1G47655	C2C2-Dof	resources/reference_binding/reference_binding_peaks/A_thaliana/C2C2-Dof_AT1G47655_AT1G47655_AT1G47655_col_a_chr1-5_GEM_events.narrowPeak
A_thaliana	AT1G49010	AT1G49010	MYB-related	resources/reference_binding/reference_binding_peaks/A_thaliana/MYB-related_AT1G49010_AT1G49010_AT1G49010_col_a_chr1-5_GEM_events.narrowPeak
A_thaliana	AT1G49480	REM19	B3	resources/reference_binding/reference_binding_peaks/A_thaliana/B3_AT1G49480_REM19_col_a_chr1-5_GEM_events.narrowPeak
A_thaliana	AT1G49560	AT1G49560	GARP-G2-like	resources/reference_binding/reference_binding_peaks/A_thaliana/GARP-G2-like_AT1G49560_AT1G49560_AT1G49560_col_a_chr1-5_GEM_events.narrowPeak
A_thaliana	AT1G50640	ERF3	AP2-ERF-ERF	resources/reference_binding/reference_binding_peaks/A_thaliana/AP2-ERF-ERF_AT1G50640_ERF3_col_a_chr1-5_GEM_events.narrowPeak
A_thaliana	AT1G51140	BHLH122	bHLH	resources/reference_binding/reference_binding_peaks/A_thaliana/bHLH_AT1G51140_BHLH122_COL100_col100_a_chr1-5_GEM_events.narrowPeak
A_thaliana	AT1G51220	WIP5	C2H2	resources/reference_binding/reference_binding_peaks/A_thaliana/C2H2_AT1G51220_WIP5_col_a_chr1-5_GEM_events.narrowPeak
A_thaliana	AT1G51700	ADOF1	C2C2-Dof	resources/reference_binding/reference_binding_peaks/A_thaliana/C2C2-Dof_AT1G51700_ADOF1_col_a_chr1-5_GEM_events.narrowPeak
A_thaliana	AT1G52150	ATHB15	HB-HD-ZIP	resources/reference_binding/reference_binding_peaks/A_thaliana/HB-HD-ZIP_AT1G52150_ATHB15_col_a_chr1-5_GEM_events.narrowPeak
A_thaliana	AT1G52880	NAM	NAC	resources/reference_binding/reference_binding_peaks/A_thaliana/NAC_AT1G52880_NAM_COL_col_v3a_chr1-5_GEM_events.narrowPeak
A_thaliana	AT1G53170	ERF8	AP2-ERF-ERF	resources/reference_binding/reference_binding_peaks/A_thaliana/AP2-ERF-ERF_AT1G53170_ERF8_col_a_chr1-5_GEM_events.narrowPeak
A_thaliana	AT1G53230	TCP3	TCP	resources/reference_binding/reference_binding_peaks/A_thaliana/TCP_AT1G53230_TCP3_col_chr1-5_GEM_events.narrowPeak
A_thaliana	AT1G53910	RAP212	AP2-ERF-ERF	resources/reference_binding/reference_binding_peaks/A_thaliana/AP2-ERF-ERF_AT1G53910_RAP212_col_a_chr1-5_GEM_events.narrowPeak
A_thaliana	AT1G54330	ANAC020	NAC	resources/reference_binding/reference_binding_peaks/A_thaliana/NAC_AT1G54330_ANAC020_COL_col_v31_chr1-5_GEM_events.narrowPeak
A_thaliana	AT1G55110	IDD7	C2H2	resources/reference_binding/reference_binding_peaks/A_thaliana/C2H2_AT1G55110_IDD7_col_a_chr1-5_GEM_events.narrowPeak
A_thaliana	AT1G59640	BHLH31	bHLH	resources/reference_binding/reference_binding_peaks/A_thaliana/bHLH_AT1G59640_BHLH31_col_chr1-5_GEM_events.narrowPeak
A_thaliana	AT1G62300	WRKY6	WRKY	resources/reference_binding/reference_binding_peaks/A_thaliana/WRKY_AT1G62300_WRKY6_COLAMP_colamp_a_chr1-5_GEM_events.narrowPeak
A_thaliana	AT1G63030	DDF2	AP2-ERF-ERF	resources/reference_binding/reference_binding_peaks/A_thaliana/AP2-ERF-ERF_AT1G63030_DDF2_col_a_chr1-5_GEM_events.narrowPeak
A_thaliana	AT1G64620	AT1G64620	C2C2-Dof	resources/reference_binding/reference_binding_peaks/A_thaliana/C2C2-Dof_AT1G64620_AT1G64620_AT1G64620_100NG20CY_100ng20cy_b_chr1-5_GEM_events.narrowPeak
A_thaliana	AT1G65910	ANAC028	NAC	resources/reference_binding/reference_binding_peaks/A_thaliana/NAC_AT1G65910_ANAC028_col_a_chr1-5_GEM_events.narrowPeak
A_thaliana	AT1G68200	CDM1	C3H	resources/reference_binding/reference_binding_peaks/A_thaliana/C3H_AT1G68200_CDM1_COLAMP_colamp_a_chr1-5_GEM_events.narrowPeak
A_thaliana	AT1G68320	MYB62	MYB	resources/reference_binding/reference_binding_peaks/A_thaliana/MYB_AT1G68320_MYB62_COLAMP_colamp_a_chr1-5_GEM_events.narrowPeak
A_thaliana	AT1G68550	CRF10	AP2-ERF-ERF	resources/reference_binding/reference_binding_peaks/A_thaliana/AP2-ERF-ERF_AT1G68550_CRF10_COL100_col100_a_chr1-5_GEM_events.narrowPeak
A_thaliana	AT1G68670	AT1G68670	GARP-G2-like	resources/reference_binding/reference_binding_peaks/A_thaliana/GARP-G2-like_AT1G68670_AT1G68670_AT1G68670_col_chr1-5_GEM_events.narrowPeak
A_thaliana	AT1G69010	BIM2	bHLH	resources/reference_binding/reference_binding_peaks/A_thaliana/bHLH_AT1G69010_BIM2_COL_col_v3b_chr1-5_GEM_events.narrowPeak
A_thaliana	AT1G69180	CRC	C2C2-YABBY	resources/reference_binding/reference_binding_peaks/A_thaliana/C2C2-YABBY_AT1G69180_CRC_col_a_chr1-5_GEM_events.narrowPeak
A_thaliana	AT1G69490	NAP	NAC	resources/reference_binding/reference_binding_peaks/A_thaliana/NAC_AT1G69490_NAP_COL_col_v3a_chr1-5_GEM_events.narrowPeak
A_thaliana	AT1G69570	AT1G69570	C2C2-Dof	resources/reference_binding/reference_binding_peaks/A_thaliana/C2C2-Dof_AT1G69570_AT1G69570_AT1G69570_col_a_chr1-5_GEM_events.narrowPeak
A_thaliana	AT1G69690	AT1G69690	TCP	resources/reference_binding/reference_binding_peaks/A_thaliana/TCP_AT1G69690_AT1G69690_AT1G69690_col_a_chr1-5_GEM_events.narrowPeak
A_thaliana	AT1G69780	ATHB13	HB-HD-ZIP	resources/reference_binding/reference_binding_peaks/A_thaliana/HB-HD-ZIP_AT1G69780_ATHB13_col_a_chr1-5_GEM_events.narrowPeak
A_thaliana	AT1G70920	ATHB18	HB-HD-ZIP	resources/reference_binding/reference_binding_peaks/A_thaliana/HB-HD-ZIP_AT1G70920_ATHB18_col_a_chr1-5_GEM_events.narrowPeak
A_thaliana	AT1G71450	AT1G71450	AP2-ERF-ERF	resources/reference_binding/reference_binding_peaks/A_thaliana/AP2-ERF-ERF_AT1G71450_AT1G71450_AT1G71450_col_a_chr1-5_GEM_events.narrowPeak
A_thaliana	AT1G72010	AT1G72010	TCP	resources/reference_binding/reference_binding_peaks/A_thaliana/TCP_AT1G72010_AT1G72010_AT1G72010_col_chr1-5_GEM_events.narrowPeak
A_thaliana	AT1G72740	AT1G72740	MYB-related	resources/reference_binding/reference_binding_peaks/A_thaliana/MYB-related_AT1G72740_AT1G72740_AT1G72740_col_a_chr1-5_GEM_events.narrowPeak
A_thaliana	AT1G74480	RKD2	RWP-RK	resources/reference_binding/reference_binding_peaks/A_thaliana/RWP-RK_AT1G74480_RKD2_col_a_chr1-5_GEM_events.narrowPeak
A_thaliana	AT1G74650	ATY13	MYB	resources/reference_binding/reference_binding_peaks/A_thaliana/MYB_AT1G74650_ATY13_col_a_chr1-5_GEM_events.narrowPeak
A_thaliana	AT1G74840	AT1G74840	MYB-related	resources/reference_binding/reference_binding_peaks/A_thaliana/MYB-related_AT1G74840_AT1G74840_AT1G74840_COL100_col100_a_chr1-5_GEM_events.narrowPeak
A_thaliana	AT1G75080	BZR1	BES1	resources/reference_binding/reference_binding_peaks/A_thaliana/BES1_AT1G75080_BZR1_col_a_chr1-5_GEM_events.narrowPeak
A_thaliana	AT1G75240	ATHB33	zf-HD	resources/reference_binding/reference_binding_peaks/A_thaliana/zf-HD_AT1G75240_ATHB33_col_a_chr1-5_GEM_events.narrowPeak
A_thaliana	AT1G75390	BZIP44	bZIP	resources/reference_binding/reference_binding_peaks/A_thaliana/bZIP_AT1G75390_BZIP44_col_chr1-5_GEM_events.narrowPeak
A_thaliana	AT1G76420	CUC3	NAC	resources/reference_binding/reference_binding_peaks/A_thaliana/NAC_AT1G76420_CUC3_col_a_chr1-5_GEM_events.narrowPeak
A_thaliana	AT1G76880	AT1G76880	Trihelix	resources/reference_binding/reference_binding_peaks/A_thaliana/Trihelix_AT1G76880_AT1G76880_AT1G76880_col_a_chr1-5_GEM_events.narrowPeak
A_thaliana	AT1G76890	GT2	Trihelix	resources/reference_binding/reference_binding_peaks/A_thaliana/Trihelix_AT1G76890_GT2_col_a_chr1-5_GEM_events.narrowPeak
A_thaliana	AT1G77200	AT1G77200	AP2-ERF-ERF	resources/reference_binding/reference_binding_peaks/A_thaliana/AP2-ERF-ERF_AT1G77200_AT1G77200_AT1G77200_col_a_chr1-5_GEM_events.narrowPeak
A_thaliana	AT1G77920	BZIP50	bZIP	resources/reference_binding/reference_binding_peaks/A_thaliana/bZIP_AT1G77920_BZIP50_COL_col_v31_chr1-5_GEM_events.narrowPeak
A_thaliana	AT1G78700	AT1G78700	BES1	resources/reference_binding/reference_binding_peaks/A_thaliana/BES1_AT1G78700_AT1G78700_AT1G78700_col_a_chr1-5_GEM_events.narrowPeak
A_thaliana	AT1G79180	MYB63	MYB	resources/reference_binding/reference_binding_peaks/A_thaliana/MYB_AT1G79180_MYB63_col_a_chr1-5_GEM_events.narrowPeak
A_thaliana	AT1G79580	SMB	NAC	resources/reference_binding/reference_binding_peaks/A_thaliana/NAC_AT1G79580_SMB_col_a_chr1-5_GEM_events.narrowPeak
A_thaliana	AT1G80840	WRKY40	WRKY	resources/reference_binding/reference_binding_peaks/A_thaliana/WRKY_AT1G80840_WRKY40_col_chr1-5_GEM_events.narrowPeak
A_thaliana	AT2G01060	AT2G01060	GARP-G2-like	resources/reference_binding/reference_binding_peaks/A_thaliana/GARP-G2-like_AT2G01060_AT2G01060_AT2G01060_col_chr1-5_GEM_events.narrowPeak
A_thaliana	AT2G01930	BPC1	BBR-BPC	resources/reference_binding/reference_binding_peaks/A_thaliana/BBR-BPC_AT2G01930_BPC1_col_a_chr1-5_GEM_events.narrowPeak
A_thaliana	AT2G01940	SGR5	C2H2	resources/reference_binding/reference_binding_peaks/A_thaliana/C2H2_AT2G01940_SGR5_col_a_chr1-5_GEM_events.narrowPeak
A_thaliana	AT2G02070	IDD5	C2H2	resources/reference_binding/reference_binding_peaks/A_thaliana/C2H2_AT2G02070_IDD5_COLAMP_colamp_a_chr1-5_GEM_events.narrowPeak
A_thaliana	AT2G02080	IDD4	C2H2	resources/reference_binding/reference_binding_peaks/A_thaliana/C2H2_AT2G02080_IDD4_col_a_chr1-5_GEM_events.narrowPeak
A_thaliana	AT2G02450	ANAC034	NAC	resources/reference_binding/reference_binding_peaks/A_thaliana/NAC_AT2G02450_ANAC034_col_chr1-5_GEM_events.narrowPeak
A_thaliana	AT2G02820	MYB88	MYB	resources/reference_binding/reference_binding_peaks/A_thaliana/MYB_AT2G02820_MYB88_col_a_chr1-5_GEM_events.narrowPeak
A_thaliana	AT2G03340	WRKY3	WRKY	resources/reference_binding/reference_binding_peaks/A_thaliana/WRKY_AT2G03340_WRKY3_col_a_chr1-5_GEM_events.narrowPeak
A_thaliana	AT2G03500	AT2G03500	GARP-G2-like	resources/reference_binding/reference_binding_peaks/A_thaliana/GARP-G2-like_AT2G03500_AT2G03500_AT2G03500_col_a_chr1-5_GEM_events.narrowPeak
A_thaliana	AT2G04038	BZIP48	bZIP	resources/reference_binding/reference_binding_peaks/A_thaliana/bZIP_AT2G04038_BZIP48_col_a_chr1-5_GEM_events.narrowPeak
A_thaliana	AT2G06200	ATGRF6	GRF	resources/reference_binding/reference_binding_peaks/A_thaliana/GRF_AT2G06200_ATGRF6_col_a_chr1-5_GEM_events.narrowPeak
A_thaliana	AT2G15740	AT2G15740	C2H2	resources/reference_binding/reference_binding_peaks/A_thaliana/C2H2_AT2G15740_AT2G15740_AT2G15740_col_a_chr1-5_GEM_events.narrowPeak
A_thaliana	AT2G18060	VND1	NAC	resources/reference_binding/reference_binding_peaks/A_thaliana/NAC_AT2G18060_VND1_col_a_chr1-5_GEM_events.narrowPeak
A_thaliana	AT2G18160	GBF5	bZIP	resources/reference_binding/reference_binding_peaks/A_thaliana/bZIP_AT2G18160_GBF5_COL_col_v3a_chr1-5_GEM_events.narrowPeak
A_thaliana	AT2G18350	ATHB24	zf-HD	resources/reference_binding/reference_binding_peaks/A_thaliana/zf-HD_AT2G18350_ATHB24_col_a_chr1-5_GEM_events.narrowPeak
A_thaliana	AT2G18380	GATA20	C2C2-GATA	resources/reference_binding/reference_binding_peaks/A_thaliana/C2C2-GATA_AT2G18380_GATA20_COLAMP_colamp_a_chr1-5_GEM_events.narrowPeak
A_thaliana	AT2G18550	ATHB21	HB-other	resources/reference_binding/reference_binding_peaks/A_thaliana/HB-other_AT2G18550_ATHB21_col_a_chr1-5_GEM_events.narrowPeak
A_thaliana	AT2G20110	AT2G20110	CPP	resources/reference_binding/reference_binding_peaks/A_thaliana/CPP_AT2G20110_AT2G20110_AT2G20110_col_a_chr1-5_GEM_events.narrowPeak
A_thaliana	AT2G20400	AT2G20400	GARP-G2-like	resources/reference_binding/reference_binding_peaks/A_thaliana/GARP-G2-like_AT2G20400_AT2G20400_AT2G20400_COLAMP_colamp_a_chr1-5_GEM_events.narrowPeak
A_thaliana	AT2G22430	ATHB6	HB-HD-ZIP	resources/reference_binding/reference_binding_peaks/A_thaliana/HB-HD-ZIP_AT2G22430_ATHB6_col_a_chr1-5_GEM_events.narrowPeak
A_thaliana	AT2G22540	SVP	MADS-MIKC	resources/reference_binding/reference_binding_peaks/A_thaliana/MADS-MIKC_AT2G22540_SVP_COL_col_v3b_chr1-5_GEM_events.narrowPeak
A_thaliana	AT2G23290	MYB70	MYB	resources/reference_binding/reference_binding_peaks/A_thaliana/MYB_AT2G23290_MYB70_col_a_chr1-5_GEM_events.narrowPeak
A_thaliana	AT2G23320	WRKY15	WRKY	resources/reference_binding/reference_binding_peaks/A_thaliana/WRKY_AT2G23320_WRKY15_COL_col_b_chr1-5_GEM_events.narrowPeak
A_thaliana	AT2G23340	DEAR3	AP2-ERF-ERF	resources/reference_binding/reference_binding_peaks/A_thaliana/AP2-ERF-ERF_AT2G23340_DEAR3_col_a_chr1-5_GEM_events.narrowPeak
A_thaliana	AT2G24430	ANAC038	NAC	resources/reference_binding/reference_binding_peaks/A_thaliana/NAC_AT2G24430_ANAC038_col_a_chr1-5_GEM_events.narrowPeak
A_thaliana	AT2G26960	MYB81	MYB	resources/reference_binding/reference_binding_peaks/A_thaliana/MYB_AT2G26960_MYB81_col_a_chr1-5_GEM_events.narrowPeak
A_thaliana	AT2G27300	NTL8	NAC	resources/reference_binding/reference_binding_peaks/A_thaliana/NAC_AT2G27300_NTL8_col_chr1-5_GEM_events.narrowPeak
A_thaliana	AT2G28810	AT2G28810	C2C2-Dof	resources/reference_binding/reference_binding_peaks/A_thaliana/C2C2-Dof_AT2G28810_AT2G28810_AT2G28810_col_a_chr1-5_GEM_events.narrowPeak
A_thaliana	AT2G30250	WRKY25	WRKY	resources/reference_binding/reference_binding_peaks/A_thaliana/WRKY_AT2G30250_WRKY25_col_a_chr1-5_GEM_events.narrowPeak
A_thaliana	AT2G30340	LBD13	LOB	resources/reference_binding/reference_binding_peaks/A_thaliana/LOB_AT2G30340_LBD13_COLAMP_colamp_a_chr1-5_GEM_events.narrowPeak
A_thaliana	AT2G30590	WRKY21	WRKY	resources/reference_binding/reference_binding_peaks/A_thaliana/WRKY_AT2G30590_WRKY21_col_chr1-5_GEM_events.narrowPeak
A_thaliana	AT2G31220	BHLH10	bHLH	resources/reference_binding/reference_binding_peaks/A_thaliana/bHLH_AT2G31220_BHLH10_col_a_chr1-5_GEM_events.narrowPeak
A_thaliana	AT2G31230	ERF15	AP2-ERF-ERF	resources/reference_binding/reference_binding_peaks/A_thaliana/AP2-ERF-ERF_AT2G31230_ERF15_col_chr1-5_GEM_events.narrowPeak
A_thaliana	AT2G32460	MYB101	MYB	resources/reference_binding/reference_binding_peaks/A_thaliana/MYB_AT2G32460_MYB101_col_a_chr1-5_GEM_events.narrowPeak
A_thaliana	AT2G33550	AT2G33550	Trihelix	resources/reference_binding/reference_binding_peaks/A_thaliana/Trihelix_AT2G33550_AT2G33550_AT2G33550_COLAMP_colamp_a_chr1-5_GEM_events.narrowPeak
A_thaliana	AT2G33710	AT2G33710	AP2-ERF-ERF	resources/reference_binding/reference_binding_peaks/A_thaliana/AP2-ERF-ERF_AT2G33710_AT2G33710_AT2G33710_col_chr1-5_GEM_events.narrowPeak
A_thaliana	AT2G35530	BZIP16	bZIP	resources/reference_binding/reference_binding_peaks/A_thaliana/bZIP_AT2G35530_BZIP16_COL_col_v3a_chr1-5_GEM_events.narrowPeak
A_thaliana	AT2G35700	ERF38	AP2-ERF-ERF	resources/reference_binding/reference_binding_peaks/A_thaliana/AP2-ERF-ERF_AT2G35700_ERF38_col_a_chr1-5_GEM_events.narrowPeak
A_thaliana	AT2G36010	E2FA	E2F-DP	resources/reference_binding/reference_binding_peaks/A_thaliana/E2F-DP_AT2G36010_E2FA_col_a_chr1-5_GEM_events.narrowPeak
A_thaliana	AT2G36270	ABI5	bZIP	resources/reference_binding/reference_binding_peaks/A_thaliana/bZIP_AT2G36270_ABI5_COL_col_v3h_chr1-5_GEM_events.narrowPeak
A_thaliana	AT2G37590	DOF2.4	C2C2-Dof	resources/reference_binding/reference_binding_peaks/A_thaliana/C2C2-Dof_AT2G37590_DOF2.4_col_a_chr1-5_GEM_events.narrowPeak
A_thaliana	AT2G38340	DREB19	AP2-ERF-ERF	resources/reference_binding/reference_binding_peaks/A_thaliana/AP2-ERF-ERF_AT2G38340_DREB19_col_a_chr1-5_GEM_events.narrowPeak
A_thaliana	AT2G38470	WRKY33	WRKY	resources/reference_binding/reference_binding_peaks/A_thaliana/WRKY_AT2G38470_WRKY33_col_a_chr1-5_GEM_events.narrowPeak
A_thaliana	AT2G40260	AT2G40260	GARP-G2-like	resources/reference_binding/reference_binding_peaks/A_thaliana/GARP-G2-like_AT2G40260_AT2G40260_AT2G40260_col_a_chr1-5_GEM_events.narrowPeak
A_thaliana	AT2G40620	BZIP18	bZIP	resources/reference_binding/reference_binding_peaks/A_thaliana/bZIP_AT2G40620_BZIP18_COL_col_v31_chr1-5_GEM_events.narrowPeak
A_thaliana	AT2G40740	WRKY55	WRKY	resources/reference_binding/reference_binding_peaks/A_thaliana/WRKY_AT2G40740_WRKY55_col_a_chr1-5_GEM_events.narrowPeak
A_thaliana	AT2G41690	HSFB3	HSF	resources/reference_binding/reference_binding_peaks/A_thaliana/HSF_AT2G41690_HSFB3_COLAMP_colamp_a_chr1-5_GEM_events.narrowPeak
A_thaliana	AT2G42200	SPL9	SBP	resources/reference_binding/reference_binding_peaks/A_thaliana/SBP_AT2G42200_SPL9_col_a_chr1-5_GEM_events.narrowPeak
A_thaliana	AT2G42430	ASL18	LOB	resources/reference_binding/reference_binding_peaks/A_thaliana/LOB_AT2G42430_ASL18_col_a_chr1-5_GEM_events.narrowPeak
A_thaliana	AT2G43000	ANAC042	NAC	resources/reference_binding/reference_binding_peaks/A_thaliana/NAC_AT2G43000_ANAC042_col_a_chr1-5_GEM_events.narrowPeak
A_thaliana	AT2G44840	ERF13	AP2-ERF-ERF	resources/reference_binding/reference_binding_peaks/A_thaliana/AP2-ERF-ERF_AT2G44840_ERF13_COLAMP_colamp_a_chr1-5_GEM_events.narrowPeak
A_thaliana	AT2G44940	AT2G44940	AP2-ERF-ERF	resources/reference_binding/reference_binding_peaks/A_thaliana/AP2-ERF-ERF_AT2G44940_AT2G44940_AT2G44940_COLAMP_colamp_a_chr1-5_GEM_events.narrowPeak
A_thaliana	AT2G45410	LBD19	LOB	resources/reference_binding/reference_binding_peaks/A_thaliana/LOB_AT2G45410_LBD19_col_a_chr1-5_GEM_events.narrowPeak
A_thaliana	AT2G45420	LBD18	LOB	resources/reference_binding/reference_binding_peaks/A_thaliana/LOB_AT2G45420_LBD18_col_a_chr1-5_GEM_events.narrowPeak
A_thaliana	AT2G45480	GRF9	GRF	resources/reference_binding/reference_binding_peaks/A_thaliana/GRF_AT2G45480_GRF9_COLAMP_colamp_a_chr1-5_GEM_events.narrowPeak
A_thaliana	AT2G45680	AT2G45680	TCP	resources/reference_binding/reference_binding_peaks/A_thaliana/TCP_AT2G45680_AT2G45680_AT2G45680_COL_col_b_chr1-5_GEM_events.narrowPeak
A_thaliana	AT2G46270	GBF3	bZIP	resources/reference_binding/reference_binding_peaks/A_thaliana/bZIP_AT2G46270_GBF3_col_chr1-5_GEM_events.narrowPeak
A_thaliana	AT2G46590	DAG2	C2C2-Dof	resources/reference_binding/reference_binding_peaks/A_thaliana/C2C2-Dof_AT2G46590_DAG2_col_a_chr1-5_GEM_events.narrowPeak
A_thaliana	AT2G46680	ATHB7	HB-HD-ZIP	resources/reference_binding/reference_binding_peaks/A_thaliana/HB-HD-ZIP_AT2G46680_ATHB7_col_a_chr1-5_GEM_events.narrowPeak
A_thaliana	AT2G46770	NST1	NAC	resources/reference_binding/reference_binding_peaks/A_thaliana/NAC_AT2G46770_NST1_COL_col_v31_chr1-5_GEM_events.narrowPeak
A_thaliana	AT2G47070	SPL1	SBP	resources/reference_binding/reference_binding_peaks/A_thaliana/SBP_AT2G47070_SPL1_col_a_chr1-5_GEM_events.narrowPeak
A_thaliana	AT3G01220	ATHB20	HB-HD-ZIP	resources/reference_binding/reference_binding_peaks/A_thaliana/HB-HD-ZIP_AT3G01220_ATHB20_COLAMP_colamp_a_chr1-5_GEM_events.narrowPeak
A_thaliana	AT3G01530	MYB57	MYB	resources/reference_binding/reference_binding_peaks/A_thaliana/MYB_AT3G01530_MYB57_col_a_chr1-5_GEM_events.narrowPeak
A_thaliana	AT3G01970	WRKY45	WRKY	resources/reference_binding/reference_binding_peaks/A_thaliana/WRKY_AT3G01970_WRKY45_col_a_chr1-5_GEM_events.narrowPeak
A_thaliana	AT3G02940	MYB107	MYB	resources/reference_binding/reference_binding_peaks/A_thaliana/MYB_AT3G02940_MYB107_col_a_chr1-5_GEM_events.narrowPeak
A_thaliana	AT3G03200	ANAC045	NAC	resources/reference_binding/reference_binding_peaks/A_thaliana/NAC_AT3G03200_ANAC045_col_a_chr1-5_GEM_events.narrowPeak
A_thaliana	AT3G04030	AT3G04030	GARP-G2-like	resources/reference_binding/reference_binding_peaks/A_thaliana/GARP-G2-like_AT3G04030_AT3G04030_AT3G04030_col_a_chr1-5_GEM_events.narrowPeak
A_thaliana	AT3G04060	ANAC046	NAC	resources/reference_binding/reference_binding_peaks/A_thaliana/NAC_AT3G04060_ANAC046_col_chr1-5_GEM_events.narrowPeak
A_thaliana	AT3G04070	ANAC047	NAC	resources/reference_binding/reference_binding_peaks/A_thaliana/NAC_AT3G04070_ANAC047_col_chr1-5_GEM_events.narrowPeak
A_thaliana	AT3G06490	BOS1	MYB	resources/reference_binding/reference_binding_peaks/A_thaliana/MYB_AT3G06490_BOS1_col_a_chr1-5_GEM_events.narrowPeak
A_thaliana	AT3G08500	MYB83	MYB	resources/reference_binding/reference_binding_peaks/A_thaliana/MYB_AT3G08500_MYB83_COLAMP_colamp_a_chr1-5_GEM_events.narrowPeak
A_thaliana	AT3G09600	AT3G09600	MYB-related	resources/reference_binding/reference_binding_peaks/A_thaliana/MYB-related_AT3G09600_AT3G09600_AT3G09600_col_a_chr1-5_GEM_events.narrowPeak
A_thaliana	AT3G09735	AT3G09735	S1Fa-like	resources/reference_binding/reference_binding_peaks/A_thaliana/S1Fa-like_AT3G09735_AT3G09735_AT3G09735_col_a_chr1-5_GEM_events.narrowPeak
A_thaliana	AT3G10030	AT3G10030	Trihelix	resources/reference_binding/reference_binding_peaks/A_thaliana/Trihelix_AT3G10030_AT3G10030_AT3G10030_col_a_chr1-5_GEM_events.narrowPeak
A_thaliana	AT3G10113	AT3G10113	MYB-related	resources/reference_binding/reference_binding_peaks/A_thaliana/MYB-related_AT3G10113_AT3G10113_AT3G10113_col_a_chr1-5_GEM_events.narrowPeak
A_thaliana	AT3G10480	ANAC050	NAC	resources/reference_binding/reference_binding_peaks/A_thaliana/NAC_AT3G10480_ANAC050_COL_col_v3a_chr1-5_GEM_events.narrowPeak
A_thaliana	AT3G10500	ANAC053	NAC	resources/reference_binding/reference_binding_peaks/A_thaliana/NAC_AT3G10500_ANAC053_col_chr1-5_GEM_events.narrowPeak
A_thaliana	AT3G10580	AT3G10580	MYB-related	resources/reference_binding/reference_binding_peaks/A_thaliana/MYB-related_AT3G10580_AT3G10580_AT3G10580_COLAMP_colamp_a_chr1-5_GEM_events.narrowPeak
A_thaliana	AT3G10800	BZIP28	bZIP	resources/reference_binding/reference_binding_peaks/A_thaliana/bZIP_AT3G10800_BZIP28_col_a_chr1-5_GEM_events.narrowPeak
A_thaliana	AT3G11280	AT3G11280	MYB	resources/reference_binding/reference_binding_peaks/A_thaliana/MYB_AT3G11280_AT3G11280_AT3G11280_col_a_chr1-5_GEM_events.narrowPeak
A_thaliana	AT3G11440	MYB65	MYB	resources/reference_binding/reference_binding_peaks/A_thaliana/MYB_AT3G11440_MYB65_COL200_col200_a_chr1-5_GEM_events.narrowPeak
A_thaliana	AT3G12130	AT3G12130	C3H	resources/reference_binding/reference_binding_peaks/A_thaliana/C3H_AT3G12130_AT3G12130_AT3G12130_COLAMP_colamp_a_chr1-5_GEM_events.narrowPeak
A_thaliana	AT3G12250	TGA6	bZIP	resources/reference_binding/reference_binding_peaks/A_thaliana/bZIP_AT3G12250_TGA6_col_a_chr1-5_GEM_events.narrowPeak
A_thaliana	AT3G12720	MYB67	MYB	resources/reference_binding/reference_binding_peaks/A_thaliana/MYB_AT3G12720_MYB67_col_a_chr1-5_GEM_events.narrowPeak
A_thaliana	AT3G12730	AT3G12730	GARP-G2-like	resources/reference_binding/reference_binding_peaks/A_thaliana/GARP-G2-like_AT3G12730_AT3G12730_AT3G12730_COLAMP_colamp_a_chr1-5_GEM_events.narrowPeak
A_thaliana	AT3G13810	ATIDD11	C2H2	resources/reference_binding/reference_binding_peaks/A_thaliana/C2H2_AT3G13810_ATIDD11_COLAMP_colamp_a_chr1-5_GEM_events.narrowPeak
A_thaliana	AT3G14180	AT3G14180	Trihelix	resources/reference_binding/reference_binding_peaks/A_thaliana/Trihelix_AT3G14180_AT3G14180_AT3G14180_col_chr1-5_GEM_events.narrowPeak
A_thaliana	AT3G15170	CUC1	NAC	resources/reference_binding/reference_binding_peaks/A_thaliana/NAC_AT3G15170_CUC1_COL_col_v31_chr1-5_GEM_events.narrowPeak
A_thaliana	AT3G15210	ERF4	AP2-ERF-ERF	resources/reference_binding/reference_binding_peaks/A_thaliana/AP2-ERF-ERF_AT3G15210_ERF4_col_a_chr1-5_GEM_events.narrowPeak
A_thaliana	AT3G15270	SPL5	SBP	resources/reference_binding/reference_binding_peaks/A_thaliana/SBP_AT3G15270_SPL5_col_a_chr1-5_GEM_events.narrowPeak
A_thaliana	AT3G15500	ANAC055	NAC	resources/reference_binding/reference_binding_peaks/A_thaliana/NAC_AT3G15500_ANAC055_col_chr1-5_GEM_events.narrowPeak
A_thaliana	AT3G16280	AT3G16280	AP2-ERF-ERF	resources/reference_binding/reference_binding_peaks/A_thaliana/AP2-ERF-ERF_AT3G16280_AT3G16280_AT3G16280_COLAMP_colamp_a_chr1-5_GEM_events.narrowPeak
A_thaliana	AT3G17730	ANAC057	NAC	resources/reference_binding/reference_binding_peaks/A_thaliana/NAC_AT3G17730_ANAC057_col_a_chr1-5_GEM_events.narrowPeak
A_thaliana	AT3G18400	ANAC058	NAC	resources/reference_binding/reference_binding_peaks/A_thaliana/NAC_AT3G18400_ANAC058_col_a_chr1-5_GEM_events.narrowPeak
A_thaliana	AT3G18990	VRN1	B3	resources/reference_binding/reference_binding_peaks/A_thaliana/B3_AT3G18990_VRN1_col_a_chr1-5_GEM_events.narrowPeak
A_thaliana	AT3G20310	ERF7	AP2-ERF-ERF	resources/reference_binding/reference_binding_peaks/A_thaliana/AP2-ERF-ERF_AT3G20310_ERF7_col_a_chr1-5_GEM_events.narrowPeak
A_thaliana	AT3G20770	EIN3	EIL	resources/reference_binding/reference_binding_peaks/A_thaliana/EIL_AT3G20770_EIN3_col_a_chr1-5_GEM_events.narrowPeak
A_thaliana	AT3G22760	SOL1	CPP	resources/reference_binding/reference_binding_peaks/A_thaliana/CPP_AT3G22760_SOL1_col_chr1-5_GEM_events.narrowPeak
A_thaliana	AT3G22830	HSFA6B	HSF	resources/reference_binding/reference_binding_peaks/A_thaliana/HSF_AT3G22830_HSFA6B_col_chr1-5_GEM_events.narrowPeak
A_thaliana	AT3G23220	ESE1	AP2-ERF-ERF	resources/reference_binding/reference_binding_peaks/A_thaliana/AP2-ERF-ERF_AT3G23220_ESE1_col_a_chr1-5_GEM_events.narrowPeak
A_thaliana	AT3G24050	GATA1	C2C2-GATA	resources/reference_binding/reference_binding_peaks/A_thaliana/C2C2-GATA_AT3G24050_GATA1_col_a_chr1-5_GEM_events.narrowPeak
A_thaliana	AT3G24120	AT3G24120	GARP-G2-like	resources/reference_binding/reference_binding_peaks/A_thaliana/GARP-G2-like_AT3G24120_AT3G24120_AT3G24120_col_a_chr1-5_GEM_events.narrowPeak
A_thaliana	AT3G24520	HSFC1	HSF	resources/reference_binding/reference_binding_peaks/A_thaliana/HSF_AT3G24520_HSFC1_col_a_chr1-5_GEM_events.narrowPeak
A_thaliana	AT3G25990	AT3G25990	Trihelix	resources/reference_binding/reference_binding_peaks/A_thaliana/Trihelix_AT3G25990_AT3G25990_AT3G25990_COLAMP_colamp_a_chr1-5_GEM_events.narrowPeak
A_thaliana	AT3G26620	LBD23	LOB	resources/reference_binding/reference_binding_peaks/A_thaliana/LOB_AT3G26620_LBD23_col_a_chr1-5_GEM_events.narrowPeak
A_thaliana	AT3G26790	FUS3	B3	resources/reference_binding/reference_binding_peaks/A_thaliana/B3_AT3G26790_FUS3_col_a_chr1-5_GEM_events.narrowPeak
A_thaliana	AT3G27010	TCP20	TCP	resources/reference_binding/reference_binding_peaks/A_thaliana/TCP_AT3G27010_TCP20_col_a_chr1-5_GEM_events.narrowPeak
A_thaliana	AT3G27785	MYB118	MYB	resources/reference_binding/reference_binding_peaks/A_thaliana/MYB_AT3G27785_MYB118_COLAMP_colamp_a_chr1-5_GEM_events.narrowPeak
A_thaliana	AT3G28920	ATHB34	zf-HD	resources/reference_binding/reference_binding_peaks/A_thaliana/zf-HD_AT3G28920_ATHB34_col_a_chr1-5_GEM_events.narrowPeak
A_thaliana	AT3G30210	MYB121	MYB	resources/reference_binding/reference_binding_peaks/A_thaliana/MYB_AT3G30210_MYB121_col_a_chr1-5_GEM_events.narrowPeak
A_thaliana	AT3G42860	AT3G42860	AT3G42860	resources/reference_binding/reference_binding_peaks/A_thaliana/AT3G42860_AT3G42860_AT3G42860_col_a_chr1-5_GEM_events.narrowPeak
A_thaliana	AT3G45610	AT3G45610	C2C2-Dof	resources/reference_binding/reference_binding_peaks/A_thaliana/C2C2-Dof_AT3G45610_AT3G45610_AT3G45610_col_a_chr1-5_GEM_events.narrowPeak
A_thaliana	AT3G47500	CDF3	C2C2-Dof	resources/reference_binding/reference_binding_peaks/A_thaliana/C2C2-Dof_AT3G47500_CDF3_col_a_chr1-5_GEM_events.narrowPeak
A_thaliana	AT3G49530	ANAC062	NAC	resources/reference_binding/reference_binding_peaks/A_thaliana/NAC_AT3G49530_ANAC062_col_chr1-5_GEM_events.narrowPeak
A_thaliana	AT3G50060	MYB77	MYB	resources/reference_binding/reference_binding_peaks/A_thaliana/MYB_AT3G50060_MYB77_col_a_chr1-5_GEM_events.narrowPeak
A_thaliana	AT3G50260	CEJ1	AP2-ERF-ERF	resources/reference_binding/reference_binding_peaks/A_thaliana/AP2-ERF-ERF_AT3G50260_CEJ1_col_a_chr1-5_GEM_events.narrowPeak
A_thaliana	AT3G50410	OBP1	C2C2-Dof	resources/reference_binding/reference_binding_peaks/A_thaliana/C2C2-Dof_AT3G50410_OBP1_col_a_chr1-5_GEM_events.narrowPeak
A_thaliana	AT3G52440	AT3G52440	C2C2-Dof	resources/reference_binding/reference_binding_peaks/A_thaliana/C2C2-Dof_AT3G52440_AT3G52440_AT3G52440_col_a_chr1-5_GEM_events.narrowPeak
A_thaliana	AT3G53200	MYB27	MYB	resources/reference_binding/reference_binding_peaks/A_thaliana/MYB_AT3G53200_MYB27_col_a_chr1-5_GEM_events.narrowPeak
A_thaliana	AT3G55370	OBP3	C2C2-Dof	resources/reference_binding/reference_binding_peaks/A_thaliana/C2C2-Dof_AT3G55370_OBP3_col_a_chr1-5_GEM_events.narrowPeak
A_thaliana	AT3G56400	WRKY70	WRKY	resources/reference_binding/reference_binding_peaks/A_thaliana/WRKY_AT3G56400_WRKY70_col_chr1-5_GEM_events.narrowPeak
A_thaliana	AT3G56850	AREB3	bZIP	resources/reference_binding/reference_binding_peaks/A_thaliana/bZIP_AT3G56850_AREB3_COL_col_v31_chr1-5_GEM_events.narrowPeak
A_thaliana	AT3G57920	SPL15	SBP	resources/reference_binding/reference_binding_peaks/A_thaliana/SBP_AT3G57920_SPL15_COLAMP_colamp_a_chr1-5_GEM_events.narrowPeak
A_thaliana	AT3G60490	AT3G60490	AP2-ERF-ERF	resources/reference_binding/reference_binding_peaks/A_thaliana/AP2-ERF-ERF_AT3G60490_AT3G60490_AT3G60490_COLAMP_colamp_a_chr1-5_GEM_events.narrowPeak
A_thaliana	AT3G60530	GATA4	C2C2-GATA	resources/reference_binding/reference_binding_peaks/A_thaliana/C2C2-GATA_AT3G60530_GATA4_col_a_chr1-5_GEM_events.narrowPeak
A_thaliana	AT3G60580	AT3G60580	C2H2	resources/reference_binding/reference_binding_peaks/A_thaliana/C2H2_AT3G60580_AT3G60580_AT3G60580_col_a_chr1-5_GEM_events.narrowPeak
A_thaliana	AT3G61150	HDG1	HB-HD-ZIP	resources/reference_binding/reference_binding_peaks/A_thaliana/HB-HD-ZIP_AT3G61150_HDG1_COL100_col100_a_chr1-5_GEM_events.narrowPeak
A_thaliana	AT3G62420	BZIP53	bZIP	resources/reference_binding/reference_binding_peaks/A_thaliana/bZIP_AT3G62420_BZIP53_col_chr1-5_GEM_events.narrowPeak
A_thaliana	AT4G00250	AT4G00250	GeBP	resources/reference_binding/reference_binding_peaks/A_thaliana/GeBP_AT4G00250_AT4G00250_AT4G00250_col_a_chr1-5_GEM_events.narrowPeak
A_thaliana	AT4G00730	ANL2	HB-HD-ZIP	resources/reference_binding/reference_binding_peaks/A_thaliana/HB-HD-ZIP_AT4G00730_ANL2_col_a_chr1-5_GEM_events.narrowPeak
A_thaliana	AT4G01250	WRKY22	WRKY	resources/reference_binding/reference_binding_peaks/A_thaliana/WRKY_AT4G01250_WRKY22_col_chr1-5_GEM_events.narrowPeak
A_thaliana	AT4G01280	AT4G01280	MYB-related	resources/reference_binding/reference_binding_peaks/A_thaliana/MYB-related_AT4G01280_AT4G01280_AT4G01280_col_a_chr1-5_GEM_events.narrowPeak
A_thaliana	AT4G01500	NGA4	B3	resources/reference_binding/reference_binding_peaks/A_thaliana/B3_AT4G01500_NGA4_col_a_chr1-5_GEM_events.narrowPeak
A_thaliana	AT4G01540	NTM1	NAC	resources/reference_binding/reference_binding_peaks/A_thaliana/NAC_AT4G01540_NTM1_col_a_chr1-5_GEM_events.narrowPeak
A_thaliana	AT4G01550	NTM2	NAC	resources/reference_binding/reference_binding_peaks/A_thaliana/NAC_AT4G01550_NTM2_COL_col_b_chr1-5_GEM_events.narrowPeak
A_thaliana	AT4G01680	MYB55	MYB	resources/reference_binding/reference_binding_peaks/A_thaliana/MYB_AT4G01680_MYB55_COLAMP_colamp_a_chr1-5_GEM_events.narrowPeak
A_thaliana	AT4G04890	PDF2	HB-HD-ZIP	resources/reference_binding/reference_binding_peaks/A_thaliana/HB-HD-ZIP_AT4G04890_PDF2_col_chr1-5_GEM_events.narrowPeak
A_thaliana	AT4G05100	MYB74	MYB	resources/reference_binding/reference_binding_peaks/A_thaliana/MYB_AT4G05100_MYB74_COLAMP_colamp_a_chr1-5_GEM_events.narrowPeak
A_thaliana	AT4G06746	DEAR5	AP2-ERF-ERF	resources/reference_binding/reference_binding_peaks/A_thaliana/AP2-ERF-ERF_AT4G06746_DEAR5_col_a_chr1-5_GEM_events.narrowPeak
A_thaliana	AT4G10350	ANAC070	NAC	resources/reference_binding/reference_binding_peaks/A_thaliana/NAC_AT4G10350_ANAC070_col_chr1-5_GEM_events.narrowPeak
A_thaliana	AT4G11660	HSF7	HSF	resources/reference_binding/reference_binding_peaks/A_thaliana/HSF_AT4G11660_HSF7_col_a_chr1-5_GEM_events.narrowPeak
A_thaliana	AT4G14770	TCX2	CPP	resources/reference_binding/reference_binding_peaks/A_thaliana/CPP_AT4G14770_TCX2_col_a_chr1-5_GEM_events.narrowPeak
A_thaliana	AT4G15090	FAR1	FAR1	resources/reference_binding/reference_binding_peaks/A_thaliana/FAR1_AT4G15090_FAR1_col_a_chr1-5_GEM_events.narrowPeak
A_thaliana	AT4G16150	CAMTA5	CAMTA	resources/reference_binding/reference_binding_peaks/A_thaliana/CAMTA_AT4G16150_CAMTA5_col_a_chr1-5_GEM_events.narrowPeak
A_thaliana	AT4G16750	AT4G16750	AP2-ERF-ERF	resources/reference_binding/reference_binding_peaks/A_thaliana/AP2-ERF-ERF_AT4G16750_AT4G16750_AT4G16750_col_a_chr1-5_GEM_events.narrowPeak
A_thaliana	AT4G17980	ANAC071	NAC	resources/reference_binding/reference_binding_peaks/A_thaliana/NAC_AT4G17980_ANAC071_col_a_chr1-5_GEM_events.narrowPeak
A_thaliana	AT4G18170	WRKY28	WRKY	resources/reference_binding/reference_binding_peaks/A_thaliana/WRKY_AT4G18170_WRKY28_col_a_chr1-5_GEM_events.narrowPeak
A_thaliana	AT4G18450	AT4G18450	AP2-ERF-ERF	resources/reference_binding/reference_binding_peaks/A_thaliana/AP2-ERF-ERF_AT4G18450_AT4G18450_AT4G18450_col_a_chr1-5_GEM_events.narrowPeak
A_thaliana	AT4G18770	MYB98	MYB	resources/reference_binding/reference_binding_peaks/A_thaliana/MYB_AT4G18770_MYB98_col_a_chr1-5_GEM_events.narrowPeak
A_thaliana	AT4G18880	HSF21	HSF	resources/reference_binding/reference_binding_peaks/A_thaliana/HSF_AT4G18880_HSF21_col_a_chr1-5_GEM_events.narrowPeak
A_thaliana	AT4G18890	AT4G18890	BES1	resources/reference_binding/reference_binding_peaks/A_thaliana/BES1_AT4G18890_AT4G18890_AT4G18890_col_a_chr1-5_GEM_events.narrowPeak
A_thaliana	AT4G21030	DOF4.2	C2C2-Dof	resources/reference_binding/reference_binding_peaks/A_thaliana/C2C2-Dof_AT4G21030_DOF4.2_col_a_chr1-5_GEM_events.narrowPeak
A_thaliana	AT4G21080	DOF4.5	C2C2-Dof	resources/reference_binding/reference_binding_peaks/A_thaliana/C2C2-Dof_AT4G21080_DOF4.5_col_a_chr1-5_GEM_events.narrowPeak
A_thaliana	AT4G22070	WRKY31	WRKY	resources/reference_binding/reference_binding_peaks/A_thaliana/WRKY_AT4G22070_WRKY31_COLAMP_colamp_a_chr1-5_GEM_events.narrowPeak
A_thaliana	AT4G23550	WRKY29	WRKY	resources/reference_binding/reference_binding_peaks/A_thaliana/WRKY_AT4G23550_WRKY29_col_a_chr1-5_GEM_events.narrowPeak
A_thaliana	AT4G24020	NLP7	RWP-RK	resources/reference_binding/reference_binding_peaks/A_thaliana/RWP-RK_AT4G24020_NLP7_col_a_chr1-5_GEM_events.narrowPeak
A_thaliana	AT4G24240	WRKY7	WRKY	resources/reference_binding/reference_binding_peaks/A_thaliana/WRKY_AT4G24240_WRKY7_col_chr1-5_GEM_events.narrowPeak
A_thaliana	AT4G25470	CBF2	AP2-ERF-ERF	resources/reference_binding/reference_binding_peaks/A_thaliana/AP2-ERF-ERF_AT4G25470_CBF2_col_a_chr1-5_GEM_events.narrowPeak
A_thaliana	AT4G25480	CBF3	AP2-ERF-ERF	resources/reference_binding/reference_binding_peaks/A_thaliana/AP2-ERF-ERF_AT4G25480_CBF3_col_a_chr1-5_GEM_events.narrowPeak
A_thaliana	AT4G25490	CBF1	AP2-ERF-ERF	resources/reference_binding/reference_binding_peaks/A_thaliana/AP2-ERF-ERF_AT4G25490_CBF1_col_a_chr1-5_GEM_events.narrowPeak
A_thaliana	AT4G26030	AT4G26030	AT4G26030	resources/reference_binding/reference_binding_peaks/A_thaliana/AT4G26030_AT4G26030_AT4G26030_col_a_chr1-5_GEM_events.narrowPeak
A_thaliana	AT4G26640	WRKY20	WRKY	resources/reference_binding/reference_binding_peaks/A_thaliana/WRKY_AT4G26640_WRKY20_col_a_chr1-5_GEM_events.narrowPeak
A_thaliana	AT4G27950	CRF4	AP2-ERF-ERF	resources/reference_binding/reference_binding_peaks/A_thaliana/AP2-ERF-ERF_AT4G27950_CRF4_COLAMP_colamp_a_chr1-5_GEM_events.narrowPeak
A_thaliana	AT4G28500	SND2	NAC	resources/reference_binding/reference_binding_peaks/A_thaliana/NAC_AT4G28500_SND2_col_a_chr1-5_GEM_events.narrowPeak
A_thaliana	AT4G29230	ANAC075	NAC	resources/reference_binding/reference_binding_peaks/A_thaliana/NAC_AT4G29230_ANAC075_col_a_chr1-5_GEM_events.narrowPeak
A_thaliana	AT4G31060	AT4G31060	AP2-ERF-ERF	resources/reference_binding/reference_binding_peaks/A_thaliana/AP2-ERF-ERF_AT4G31060_AT4G31060_AT4G31060_col_a_chr1-5_GEM_events.narrowPeak
A_thaliana	AT4G31800	WRKY18	WRKY	resources/reference_binding/reference_binding_peaks/A_thaliana/WRKY_AT4G31800_WRKY18_col_a_chr1-5_GEM_events.narrowPeak
A_thaliana	AT4G32730	MYB3R1	MYB	resources/reference_binding/reference_binding_peaks/A_thaliana/MYB_AT4G32730_MYB3R1_col_a_chr1-5_GEM_events.narrowPeak
A_thaliana	AT4G32800	AT4G32800	AP2-ERF-ERF	resources/reference_binding/reference_binding_peaks/A_thaliana/AP2-ERF-ERF_AT4G32800_AT4G32800_AT4G32800_col_chr1-5_GEM_events.narrowPeak
A_thaliana	AT4G34410	RRTF1	AP2-ERF-ERF	resources/reference_binding/reference_binding_peaks/A_thaliana/AP2-ERF-ERF_AT4G34410_RRTF1_col_a_chr1-5_GEM_events.narrowPeak
A_thaliana	AT4G34590	GBF6	bZIP	resources/reference_binding/reference_binding_peaks/A_thaliana/bZIP_AT4G34590_GBF6_col_chr1-5_GEM_events.narrowPeak
A_thaliana	AT4G36160	VND2	NAC	resources/reference_binding/reference_binding_peaks/A_thaliana/NAC_AT4G36160_VND2_col_a_chr1-5_GEM_events.narrowPeak
A_thaliana	AT4G36620	GATA19	C2C2-GATA	resources/reference_binding/reference_binding_peaks/A_thaliana/C2C2-GATA_AT4G36620_GATA19_col_a_chr1-5_GEM_events.narrowPeak
A_thaliana	AT4G36740	ATHB40	HB-other	resources/reference_binding/reference_binding_peaks/A_thaliana/HB-other_AT4G36740_ATHB40_col_a_chr1-5_GEM_events.narrowPeak
A_thaliana	AT4G36780	AT4G36780	BES1	resources/reference_binding/reference_binding_peaks/A_thaliana/BES1_AT4G36780_AT4G36780_AT4G36780_col_a_chr1-5_GEM_events.narrowPeak
A_thaliana	AT4G37180	AT4G37180	GARP-G2-like	resources/reference_binding/reference_binding_peaks/A_thaliana/GARP-G2-like_AT4G37180_AT4G37180_AT4G37180_col_a_chr1-5_GEM_events.narrowPeak
A_thaliana	AT4G37260	MYB73	MYB	resources/reference_binding/reference_binding_peaks/A_thaliana/MYB_AT4G37260_MYB73_col_a_chr1-5_GEM_events.narrowPeak
A_thaliana	AT4G38000	AT4G38000	C2C2-Dof	resources/reference_binding/reference_binding_peaks/A_thaliana/C2C2-Dof_AT4G38000_AT4G38000_AT4G38000_col_a_chr1-5_GEM_events.narrowPeak
A_thaliana	AT5G01380	GT3A	Trihelix	resources/reference_binding/reference_binding_peaks/A_thaliana/Trihelix_AT5G01380_GT3A_col_a_chr1-5_GEM_events.narrowPeak
A_thaliana	AT5G02320	MYB3R5	MYB	resources/reference_binding/reference_binding_peaks/A_thaliana/MYB_AT5G02320_MYB3R5_col_a_chr1-5_GEM_events.narrowPeak
A_thaliana	AT5G02460	AT5G02460	C2C2-Dof	resources/reference_binding/reference_binding_peaks/A_thaliana/C2C2-Dof_AT5G02460_AT5G02460_AT5G02460_col_a_chr1-5_GEM_events.narrowPeak
A_thaliana	AT5G02840	LCL1	MYB-related	resources/reference_binding/reference_binding_peaks/A_thaliana/MYB-related_AT5G02840_LCL1_col_chr1-5_GEM_events.narrowPeak
A_thaliana	AT5G03150	JKD	C2H2	resources/reference_binding/reference_binding_peaks/A_thaliana/C2H2_AT5G03150_JKD_col_a_chr1-5_GEM_events.narrowPeak
A_thaliana	AT5G03790	LMI1	HB-other	resources/reference_binding/reference_binding_peaks/A_thaliana/HB-other_AT5G03790_LMI1_col_a_chr1-5_GEM_events.narrowPeak
A_thaliana	AT5G04390	AT5G04390	C2H2	resources/reference_binding/reference_binding_peaks/A_thaliana/C2H2_AT5G04390_AT5G04390_AT5G04390_COL200_col200_a_chr1-5_GEM_events.narrowPeak
A_thaliana	AT5G04410	NAC2	NAC	resources/reference_binding/reference_binding_peaks/A_thaliana/NAC_AT5G04410_NAC2_COL_col_v3a_chr1-5_GEM_events.narrowPeak
A_thaliana	AT5G05550	AT5G05550	Trihelix	resources/reference_binding/reference_binding_peaks/A_thaliana/Trihelix_AT5G05550_AT5G05550_AT5G05550_col_a_chr1-5_GEM_events.narrowPeak
A_thaliana	AT5G05790	AT5G05790	MYB	resources/reference_binding/reference_binding_peaks/A_thaliana/MYB_AT5G05790_AT5G05790_AT5G05790_col_a_chr1-5_GEM_events.narrowPeak
A_thaliana	AT5G06100	MYB33	MYB	resources/reference_binding/reference_binding_peaks/A_thaliana/MYB_AT5G06100_MYB33_col_a_chr1-5_GEM_events.narrowPeak
A_thaliana	AT5G06839	TGA10	bZIP	resources/reference_binding/reference_binding_peaks/A_thaliana/bZIP_AT5G06839_TGA10_col_a_chr1-5_GEM_events.narrowPeak
A_thaliana	AT5G06950	TGA2	bZIP	resources/reference_binding/reference_binding_peaks/A_thaliana/bZIP_AT5G06950_TGA2_col_chr1-5_GEM_events.narrowPeak
A_thaliana	AT5G06960	TGA5	bZIP	resources/reference_binding/reference_binding_peaks/A_thaliana/bZIP_AT5G06960_TGA5_COL_col_v3a_chr1-5_GEM_events.narrowPeak
A_thaliana	AT5G07310	ERF115	AP2-ERF-ERF	resources/reference_binding/reference_binding_peaks/A_thaliana/AP2-ERF-ERF_AT5G07310_ERF115_col_a_chr1-5_GEM_events.narrowPeak
A_thaliana	AT5G07680	ANAC079	NAC	resources/reference_binding/reference_binding_peaks/A_thaliana/NAC_AT5G07680_ANAC079_col_chr1-5_GEM_events.narrowPeak
A_thaliana	AT5G08130	BIM1	bHLH	resources/reference_binding/reference_binding_peaks/A_thaliana/bHLH_AT5G08130_BIM1_col_a_chr1-5_GEM_events.narrowPeak
A_thaliana	AT5G08330	AT5G08330	TCP	resources/reference_binding/reference_binding_peaks/A_thaliana/TCP_AT5G08330_AT5G08330_AT5G08330_col_a_chr1-5_GEM_events.narrowPeak
A_thaliana	AT5G08520	AT5G08520	MYB	resources/reference_binding/reference_binding_peaks/A_thaliana/MYB_AT5G08520_AT5G08520_AT5G08520_COL_col_b_chr1-5_GEM_events.narrowPeak
A_thaliana	AT5G08750	AT5G08750	AT5G08750	resources/reference_binding/reference_binding_peaks/A_thaliana/AT5G08750_AT5G08750_AT5G08750_col_a_chr1-5_GEM_events.narrowPeak
A_thaliana	AT5G09410	CAMTA1	CAMTA	resources/reference_binding/reference_binding_peaks/A_thaliana/CAMTA_AT5G09410_CAMTA1_col_a_chr1-5_GEM_events.narrowPeak
A_thaliana	AT5G10030	TGA4	bZIP	resources/reference_binding/reference_binding_peaks/A_thaliana/bZIP_AT5G10030_TGA4_col_a_chr1-5_GEM_events.narrowPeak
A_thaliana	AT5G10510	PLT3	AP2-ERF-ERF	resources/reference_binding/reference_binding_peaks/A_thaliana/AP2-ERF-ERF_AT5G10510_PLT3_col_a_chr1-5_GEM_events.narrowPeak
A_thaliana	AT5G11260	HY5	bZIP	resources/reference_binding/reference_binding_peaks/A_thaliana/bZIP_AT5G11260_HY5_COLAMP_colamp_v3a_chr1-5_GEM_events.narrowPeak
A_thaliana	AT5G11510	MYB3R4	MYB	resources/reference_binding/reference_binding_peaks/A_thaliana/MYB_AT5G11510_MYB3R4_col_a_chr1-5_GEM_events.narrowPeak
A_thaliana	AT5G13080	WRKY75	WRKY	resources/reference_binding/reference_binding_peaks/A_thaliana/WRKY_AT5G13080_WRKY75_col_a_chr1-5_GEM_events.narrowPeak
A_thaliana	AT5G13180	ANAC083	NAC	resources/reference_binding/reference_binding_peaks/A_thaliana/NAC_AT5G13180_ANAC083_COL_col_v3a_chr1-5_GEM_events.narrowPeak
A_thaliana	AT5G13790	AGL15	MADS-MIKC	resources/reference_binding/reference_binding_peaks/A_thaliana/MADS-MIKC_AT5G13790_AGL15_col_a_chr1-5_GEM_events.narrowPeak
A_thaliana	AT5G13910	LEP	AP2-ERF-ERF	resources/reference_binding/reference_binding_peaks/A_thaliana/AP2-ERF-ERF_AT5G13910_LEP_col_a_chr1-5_GEM_events.narrowPeak
A_thaliana	AT5G14960	DEL2	E2F-DP	resources/reference_binding/reference_binding_peaks/A_thaliana/E2F-DP_AT5G14960_DEL2_col_a_chr1-5_GEM_events.narrowPeak
A_thaliana	AT5G15830	BZIP3	bZIP	resources/reference_binding/reference_binding_peaks/A_thaliana/bZIP_AT5G15830_BZIP3_col_a_chr1-5_GEM_events.narrowPeak
A_thaliana	AT5G16820	HSF3	HSF	resources/reference_binding/reference_binding_peaks/A_thaliana/HSF_AT5G16820_HSF3_col_a_chr1-5_GEM_events.narrowPeak
A_thaliana	AT5G17300	RVE1	MYB-related	resources/reference_binding/reference_binding_peaks/A_thaliana/MYB-related_AT5G17300_RVE1_col_a_chr1-5_GEM_events.narrowPeak
A_thaliana	AT5G17800	MYB56	MYB	resources/reference_binding/reference_binding_peaks/A_thaliana/MYB_AT5G17800_MYB56_col_a_chr1-5_GEM_events.narrowPeak
A_thaliana	AT5G18270	ANAC087	NAC	resources/reference_binding/reference_binding_peaks/A_thaliana/NAC_AT5G18270_ANAC087_COL_col_v3a_chr1-5_GEM_events.narrowPeak
A_thaliana	AT5G18450	AT5G18450	AP2-ERF-ERF	resources/reference_binding/reference_binding_peaks/A_thaliana/AP2-ERF-ERF_AT5G18450_AT5G18450_AT5G18450_col_a_chr1-5_GEM_events.narrowPeak
A_thaliana	AT5G18560	PUCHI	AP2-ERF-ERF	resources/reference_binding/reference_binding_peaks/A_thaliana/AP2-ERF-ERF_AT5G18560_PUCHI_COLAMP_colamp_a_chr1-5_GEM_events.narrowPeak
A_thaliana	AT5G19790	RAP2.11	AP2-ERF-ERF	resources/reference_binding/reference_binding_peaks/A_thaliana/AP2-ERF-ERF_AT5G19790_RAP2.11_col_a_chr1-5_GEM_events.narrowPeak
A_thaliana	AT5G22990	AT5G22990	C2H2	resources/reference_binding/reference_binding_peaks/A_thaliana/C2H2_AT5G22990_AT5G22990_AT5G22990_col_a_chr1-5_GEM_events.narrowPeak
A_thaliana	AT5G23280	TCP7	TCP	resources/reference_binding/reference_binding_peaks/A_thaliana/TCP_AT5G23280_TCP7_col_a_chr1-5_GEM_events.narrowPeak
A_thaliana	AT5G23930	AT5G23930	AT5G23930	resources/reference_binding/reference_binding_peaks/A_thaliana/AT5G23930_AT5G23930_AT5G23930_col_a_chr1-5_GEM_events.narrowPeak
A_thaliana	AT5G24110	WRKY30	WRKY	resources/reference_binding/reference_binding_peaks/A_thaliana/WRKY_AT5G24110_WRKY30_COLAMP_colamp_a_chr1-5_GEM_events.narrowPeak
A_thaliana	AT5G25190	ESE3	AP2-ERF-ERF	resources/reference_binding/reference_binding_peaks/A_thaliana/AP2-ERF-ERF_AT5G25190_ESE3_col_a_chr1-5_GEM_events.narrowPeak
A_thaliana	AT5G25810	TINY	AP2-ERF-ERF	resources/reference_binding/reference_binding_peaks/A_thaliana/AP2-ERF-ERF_AT5G25810_TINY_col_a_chr1-5_GEM_events.narrowPeak
A_thaliana	AT5G26170	WRKY50	WRKY	resources/reference_binding/reference_binding_peaks/A_thaliana/WRKY_AT5G26170_WRKY50_col_a_chr1-5_GEM_events.narrowPeak
A_thaliana	AT5G29000	AT5G29000	GARP-G2-like	resources/reference_binding/reference_binding_peaks/A_thaliana/GARP-G2-like_AT5G29000_AT5G29000_AT5G29000_col_a_chr1-5_GEM_events.narrowPeak
A_thaliana	AT5G39610	ANAC092	NAC	resources/reference_binding/reference_binding_peaks/A_thaliana/NAC_AT5G39610_ANAC092_COL_col_v3a_chr1-5_GEM_events.narrowPeak
A_thaliana	AT5G39760	ATHB23	zf-HD	resources/reference_binding/reference_binding_peaks/A_thaliana/zf-HD_AT5G39760_ATHB23_COL_col_b_chr1-5_GEM_events.narrowPeak
A_thaliana	AT5G39820	ANAC094	NAC	resources/reference_binding/reference_binding_peaks/A_thaliana/NAC_AT5G39820_ANAC094_col_a_chr1-5_GEM_events.narrowPeak
A_thaliana	AT5G41570	WRKY24	WRKY	resources/reference_binding/reference_binding_peaks/A_thaliana/WRKY_AT5G41570_WRKY24_col_a_chr1-5_GEM_events.narrowPeak
A_thaliana	AT5G45300	BAM8	BES1	resources/reference_binding/reference_binding_peaks/A_thaliana/BES1_AT5G45300_BAM8_col_a_chr1-5_GEM_events.narrowPeak
A_thaliana	AT5G45580	AT5G45580	GARP-G2-like	resources/reference_binding/reference_binding_peaks/A_thaliana/GARP-G2-like_AT5G45580_AT5G45580_AT5G45580_col_a_chr1-5_GEM_events.narrowPeak
A_thaliana	AT5G46350	WRKY8	WRKY	resources/reference_binding/reference_binding_peaks/A_thaliana/WRKY_AT5G46350_WRKY8_col_chr1-5_GEM_events.narrowPeak
A_thaliana	AT5G46590	ANAC096	NAC	resources/reference_binding/reference_binding_peaks/A_thaliana/NAC_AT5G46590_ANAC096_col_chr1-5_GEM_events.narrowPeak
A_thaliana	AT5G46830	BHLH28	bHLH	resources/reference_binding/reference_binding_peaks/A_thaliana/bHLH_AT5G46830_BHLH28_col_a_chr1-5_GEM_events.narrowPeak
A_thaliana	AT5G47220	ERF2	AP2-ERF-ERF	resources/reference_binding/reference_binding_peaks/A_thaliana/AP2-ERF-ERF_AT5G47220_ERF2_col_a_chr1-5_GEM_events.narrowPeak
A_thaliana	AT5G47230	ERF5	AP2-ERF-ERF	resources/reference_binding/reference_binding_peaks/A_thaliana/AP2-ERF-ERF_AT5G47230_ERF5_col_a_chr1-5_GEM_events.narrowPeak
A_thaliana	AT5G47370	HAT2	HB-HD-ZIP	resources/reference_binding/reference_binding_peaks/A_thaliana/HB-HD-ZIP_AT5G47370_HAT2_COL_col_v31_chr1-5_GEM_events.narrowPeak
A_thaliana	AT5G47390	AT5G47390	MYB-related	resources/reference_binding/reference_binding_peaks/A_thaliana/MYB-related_AT5G47390_AT5G47390_AT5G47390_COL_col_b_chr1-5_GEM_events.narrowPeak
A_thaliana	AT5G47660	AT5G47660	Trihelix	resources/reference_binding/reference_binding_peaks/A_thaliana/Trihelix_AT5G47660_AT5G47660_AT5G47660_COLAMP_colamp_a_chr1-5_GEM_events.narrowPeak
A_thaliana	AT5G50670	SPL13	SBP	resources/reference_binding/reference_binding_peaks/A_thaliana/SBP_AT5G50670_SPL13_col_a_chr1-5_GEM_events.narrowPeak
A_thaliana	AT5G51190	ERF105	AP2-ERF-ERF	resources/reference_binding/reference_binding_peaks/A_thaliana/AP2-ERF-ERF_AT5G51190_ERF105_col_chr1-5_GEM_events.narrowPeak
A_thaliana	AT5G51990	CBF4	AP2-ERF-ERF	resources/reference_binding/reference_binding_peaks/A_thaliana/AP2-ERF-ERF_AT5G51990_CBF4_col_a_chr1-5_GEM_events.narrowPeak
A_thaliana	AT5G52020	RAP2.10	AP2-ERF-ERF	resources/reference_binding/reference_binding_peaks/A_thaliana/AP2-ERF-ERF_AT5G52020_RAP2.10_col_a_chr1-5_GEM_events.narrowPeak
A_thaliana	AT5G52660	AT5G52660	MYB-related	resources/reference_binding/reference_binding_peaks/A_thaliana/MYB-related_AT5G52660_AT5G52660_AT5G52660_col_a_chr1-5_GEM_events.narrowPeak
A_thaliana	AT5G52830	WRKY27	WRKY	resources/reference_binding/reference_binding_peaks/A_thaliana/WRKY_AT5G52830_WRKY27_col_a_chr1-5_GEM_events.narrowPeak
A_thaliana	AT5G53950	CUC2	NAC	resources/reference_binding/reference_binding_peaks/A_thaliana/NAC_AT5G53950_CUC2_col_chr1-5_GEM_events.narrowPeak
A_thaliana	AT5G54230	MYB49	MYB	resources/reference_binding/reference_binding_peaks/A_thaliana/MYB_AT5G54230_MYB49_col_a_chr1-5_GEM_events.narrowPeak
A_thaliana	AT5G56110	MS188	MYB	resources/reference_binding/reference_binding_peaks/A_thaliana/MYB_AT5G56110_MS188_col_a_chr1-5_GEM_events.narrowPeak
A_thaliana	AT5G56840	AT5G56840	MYB-related	resources/reference_binding/reference_binding_peaks/A_thaliana/MYB-related_AT5G56840_AT5G56840_AT5G56840_col_a_chr1-5_GEM_events.narrowPeak
A_thaliana	AT5G58850	MYB119	MYB	resources/reference_binding/reference_binding_peaks/A_thaliana/MYB_AT5G58850_MYB119_col_a_chr1-5_GEM_events.narrowPeak
A_thaliana	AT5G58900	AT5G58900	MYB-related	resources/reference_binding/reference_binding_peaks/A_thaliana/MYB-related_AT5G58900_AT5G58900_AT5G58900_COLAMP_colamp_a_chr1-5_GEM_events.narrowPeak
A_thaliana	AT5G60130	AT5G60130	B3	resources/reference_binding/reference_binding_peaks/A_thaliana/B3_AT5G60130_AT5G60130_AT5G60130_col_a_chr1-5_GEM_events.narrowPeak
A_thaliana	AT5G60850	OBP4	C2C2-Dof	resources/reference_binding/reference_binding_peaks/A_thaliana/C2C2-Dof_AT5G60850_OBP4_col_a_chr1-5_GEM_events.narrowPeak
A_thaliana	AT5G61620	AT5G61620	MYB-related	resources/reference_binding/reference_binding_peaks/A_thaliana/MYB-related_AT5G61620_AT5G61620_AT5G61620_col_a_chr1-5_GEM_events.narrowPeak
A_thaliana	AT5G62000	ARF2	B3-ARF	resources/reference_binding/reference_binding_peaks/A_thaliana/B3-ARF_AT5G62000_ARF2_COL_col_v31_chr1-5_GEM_events.narrowPeak
A_thaliana	AT5G62020	HSF6	HSF	resources/reference_binding/reference_binding_peaks/A_thaliana/HSF_AT5G62020_HSF6_col_a_chr1-5_GEM_events.narrowPeak
A_thaliana	AT5G62320	MYB99	MYB	resources/reference_binding/reference_binding_peaks/A_thaliana/MYB_AT5G62320_MYB99_COLAMP_colamp_a_chr1-5_GEM_events.narrowPeak
A_thaliana	AT5G62380	VND6	NAC	resources/reference_binding/reference_binding_peaks/A_thaliana/NAC_AT5G62380_VND6_COL_col_v31_chr1-5_GEM_events.narrowPeak
A_thaliana	AT5G62470	MYB96	MYB	resources/reference_binding/reference_binding_peaks/A_thaliana/MYB_AT5G62470_MYB96_COL_col_b_chr1-5_GEM_events.narrowPeak
A_thaliana	AT5G62940	AT5G62940	C2C2-Dof	resources/reference_binding/reference_binding_peaks/A_thaliana/C2C2-Dof_AT5G62940_AT5G62940_AT5G62940_col_a_chr1-5_GEM_events.narrowPeak
A_thaliana	AT5G63090	LOB	LOB	resources/reference_binding/reference_binding_peaks/A_thaliana/LOB_AT5G63090_LOB_col_a_chr1-5_GEM_events.narrowPeak
A_thaliana	AT5G63260	AT5G63260	C3H	resources/reference_binding/reference_binding_peaks/A_thaliana/C3H_AT5G63260_AT5G63260_AT5G63260_col_a_chr1-5_GEM_events.narrowPeak
A_thaliana	AT5G64060	ANAC103	NAC	resources/reference_binding/reference_binding_peaks/A_thaliana/NAC_AT5G64060_ANAC103_col_a_chr1-5_GEM_events.narrowPeak
A_thaliana	AT5G64750	ABR1	AP2-ERF-ERF	resources/reference_binding/reference_binding_peaks/A_thaliana/AP2-ERF-ERF_AT5G64750_ABR1_col_a_chr1-5_GEM_events.narrowPeak
A_thaliana	AT5G65130	AT5G65130	AP2-ERF-ERF	resources/reference_binding/reference_binding_peaks/A_thaliana/AP2-ERF-ERF_AT5G65130_AT5G65130_AT5G65130_col_a_chr1-5_GEM_events.narrowPeak
A_thaliana	AT5G65210	TGA1	bZIP	resources/reference_binding/reference_binding_peaks/A_thaliana/bZIP_AT5G65210_TGA1_col_chr1-5_GEM_events.narrowPeak
A_thaliana	AT5G65310	ATHB5	HB-HD-ZIP	resources/reference_binding/reference_binding_peaks/A_thaliana/HB-HD-ZIP_AT5G65310_ATHB5_col_a_chr1-5_GEM_events.narrowPeak
A_thaliana	AT5G65410	ATHB25	zf-HD	resources/reference_binding/reference_binding_peaks/A_thaliana/zf-HD_AT5G65410_ATHB25_col_a_chr1-5_GEM_events.narrowPeak
A_thaliana	AT5G65510	AIL7	AP2-ERF-AP2	resources/reference_binding/reference_binding_peaks/A_thaliana/AP2-ERF-AP2_AT5G65510_AIL7_col_a_chr1-5_GEM_events.narrowPeak
A_thaliana	AT5G66300	VND3	NAC	resources/reference_binding/reference_binding_peaks/A_thaliana/NAC_AT5G66300_VND3_col_chr1-5_GEM_events.narrowPeak
A_thaliana	AT5G66700	ATHB53	HB-other	resources/reference_binding/reference_binding_peaks/A_thaliana/HB-other_AT5G66700_ATHB53_col_a_chr1-5_GEM_events.narrowPeak
A_thaliana	AT5G66730	AT5G66730	C2H2	resources/reference_binding/reference_binding_peaks/A_thaliana/C2H2_AT5G66730_AT5G66730_AT5G66730_col_chr1-5_GEM_events.narrowPeak
A_thaliana	AT5G66940	AT5G66940	C2C2-Dof	resources/reference_binding/reference_binding_peaks/A_thaliana/C2C2-Dof_AT5G66940_AT5G66940_AT5G66940_col_a_chr1-5_GEM_events.narrowPeak
A_thaliana	AT5G67190	DEAR2	AP2-ERF-ERF	resources/reference_binding/reference_binding_peaks/A_thaliana/AP2-ERF-ERF_AT5G67190_DEAR2_col_a_chr1-5_GEM_events.narrowPeak
A_thaliana	AT5G67300	MYB44	MYB	resources/reference_binding/reference_binding_peaks/A_thaliana/MYB_AT5G67300_MYB44_col_chr1-5_GEM_events.narrowPeak
A_thaliana	AT5G67580	TBP3	MYB-related	resources/reference_binding/reference_binding_peaks/A_thaliana/MYB-related_AT5G67580_TBP3_col_a_chr1-5_GEM_events.narrowPeak
O_sativa	LOC_Os01g17260	LOC_Os01g17260	bZIP	resources/reference_binding/reference_binding_peaks/O_sativa/LOC_Os01g17260.2_O_sativa_Nipponbare_repOverlap_peaks.narrowPeak
O_sativa	LOC_Os01g18240	LOC_Os01g18240	MYB	resources/reference_binding/reference_binding_peaks/O_sativa/LOC_Os01g18240.1_O_sativa_Nipponbare_repSingle_peaks.narrowPeak
O_sativa	LOC_Os01g46970	LOC_Os01g46970	bZIP	resources/reference_binding/reference_binding_peaks/O_sativa/LOC_Os01g46970.1_O_sativa_Nipponbare_repOverlap_peaks.narrowPeak
O_sativa	LOC_Os01g49830	LOC_Os01g49830	AP2-ERF-RAV	resources/reference_binding/reference_binding_peaks/O_sativa/LOC_Os01g49830.1_O_sativa_Nipponbare_repOverlap_peaks.narrowPeak
O_sativa	LOC_Os01g51154	LOC_Os01g51154	MYB-related	resources/reference_binding/reference_binding_peaks/O_sativa/LOC_Os01g51154.1_O_sativa_Nipponbare_repOverlap_peaks.narrowPeak
O_sativa	LOC_Os01g69980	LOC_Os01g69980	TCP	resources/reference_binding/reference_binding_peaks/O_sativa/LOC_Os01g69980.1_O_sativa_Nipponbare_repOverlap_peaks.narrowPeak
O_sativa	LOC_Os02g33430	LOC_Os02g33430	E2F-DP	resources/reference_binding/reference_binding_peaks/O_sativa/LOC_Os02g33430.1_O_sativa_Nipponbare_repOverlap_peaks.narrowPeak
O_sativa	LOC_Os02g42970	LOC_Os02g42970	NAC	resources/reference_binding/reference_binding_peaks/O_sativa/LOC_Os02g42970.1_O_sativa_Nipponbare_repOverlap_peaks.narrowPeak
O_sativa	LOC_Os03g10210	LOC_Os03g10210	HB-other	resources/reference_binding/reference_binding_peaks/O_sativa/LOC_Os03g10210.1_O_sativa_Nipponbare_repOverlap_peaks.narrowPeak
O_sativa	LOC_Os03g21800	LOC_Os03g21800	bZIP	resources/reference_binding/reference_binding_peaks/O_sativa/LOC_Os03g21800.1_O_sativa_Nipponbare_repOverlap_peaks.narrowPeak
O_sativa	LOC_Os03g61760	LOC_Os03g61760	SBP	resources/reference_binding/reference_binding_peaks/O_sativa/LOC_Os03g61760.1_O_sativa_Nipponbare_repOverlap_peaks.narrowPeak
O_sativa	LOC_Os06g07030	LOC_Os06g07030	AP2-ERF-ERF	resources/reference_binding/reference_binding_peaks/O_sativa/LOC_Os06g07030.1_O_sativa_Nipponbare_repOverlap_peaks.narrowPeak
O_sativa	LOC_Os08g06110	LOC_Os08g06110	MYB-related	resources/reference_binding/reference_binding_peaks/O_sativa/LOC_Os08g06110.3_O_sativa_Nipponbare_repOverlap_peaks.narrowPeak
O_sativa	LOC_Os08g37970	LOC_Os08g37970	MYB	resources/reference_binding/reference_binding_peaks/O_sativa/LOC_Os08g37970.1_O_sativa_Nipponbare_repOverlap_peaks.narrowPeak
O_sativa	LOC_Os08g44050	LOC_Os08g44050	C2H2	resources/reference_binding/reference_binding_peaks/O_sativa/LOC_Os08g44050.1_O_sativa_Nipponbare_repOverlap_peaks.narrowPeak
O_sativa	LOC_Os09g12770	LOC_Os09g12770	GARP-G2-like	resources/reference_binding/reference_binding_peaks/O_sativa/LOC_Os09g12770.1_O_sativa_Nipponbare_repOverlap_peaks.narrowPeak
O_sativa	LOC_Os09g25060	LOC_Os09g25060	WRKY	resources/reference_binding/reference_binding_peaks/O_sativa/LOC_Os09g25060.1_O_sativa_Nipponbare_repOverlap_peaks.narrowPeak
O_sativa	LOC_Os10g02584	LOC_Os10g02584	BBR-BPC	resources/reference_binding/reference_binding_peaks/O_sativa/LOC_Os10g02584.3_O_sativa_Nipponbare_repOverlap_peaks.narrowPeak
O_sativa	LOC_Os10g07510	LOC_Os10g07510	LOB	resources/reference_binding/reference_binding_peaks/O_sativa/LOC_Os10g07510.1_O_sativa_Nipponbare_repOverlap_peaks.narrowPeak
O_sativa	LOC_Os10g26500	LOC_Os10g26500	HB-HD-ZIP	resources/reference_binding/reference_binding_peaks/O_sativa/LOC_Os10g26500.1_O_sativa_Nipponbare_repOverlap_peaks.narrowPeak
O_sativa	LOC_Os10g28340	LOC_Os10g28340	HSF	resources/reference_binding/reference_binding_peaks/O_sativa/LOC_Os10g28340.1_O_sativa_Nipponbare_repOverlap_peaks.narrowPeak
O_sativa	LOC_Os10g40810	LOC_Os10g40810	C2C2-GATA	resources/reference_binding/reference_binding_peaks/O_sativa/LOC_Os10g40810.1_O_sativa_Nipponbare_repOverlap_peaks.narrowPeak
O_sativa	LOC_Os10g41200	LOC_Os10g41200	MYB-related	resources/reference_binding/reference_binding_peaks/O_sativa/LOC_Os10g41200.1_O_sativa_Nipponbare_repOverlap_peaks.narrowPeak
S_lycopersicum	Solyc01g095460	Solyc01g095460	bZIP	resources/reference_binding/reference_binding_peaks/S_lycopersicum/Solyc01g095460.3.1_S_lycopersicum_Heinz-1706-BG_repSingle_peaks.narrowPeak
S_lycopersicum	Solyc01g102340	Solyc01g102340	MYB	resources/reference_binding/reference_binding_peaks/S_lycopersicum/Solyc01g102340.3.1_S_lycopersicum_Heinz-1706-BG_repSingle_peaks.narrowPeak
S_lycopersicum	Solyc03g116890	Solyc03g116890	WRKY	resources/reference_binding/reference_binding_peaks/S_lycopersicum/Solyc03g116890.3.1_S_lycopersicum_Heinz-1706-BG_repSingle_peaks.narrowPeak
S_lycopersicum	Solyc04g078640	Solyc04g078640	AP2-ERF-ERF	resources/reference_binding/reference_binding_peaks/S_lycopersicum/Solyc04g078640.3.1_S_lycopersicum_Heinz-1706-BG_repSingle_peaks.narrowPeak
S_lycopersicum	Solyc05g007180	Solyc05g007180	HB-HD-ZIP	resources/reference_binding/reference_binding_peaks/S_lycopersicum/Solyc05g007180.3.1_S_lycopersicum_Heinz-1706-BG_repSingle_peaks.narrowPeak
S_lycopersicum	Solyc06g048630	Solyc06g048630	bZIP	resources/reference_binding/reference_binding_peaks/S_lycopersicum/Solyc06g048630.3.1_S_lycopersicum_Heinz-1706-BG_repSingle_peaks.narrowPeak
S_lycopersicum	Solyc08g068320	Solyc08g068320	MYB	resources/reference_binding/reference_binding_peaks/S_lycopersicum/Solyc08g068320.3.1_S_lycopersicum_Heinz-1706-BG_repSingle_peaks.narrowPeak
S_lycopersicum	Solyc08g078340	Solyc08g078340	MYB-related	resources/reference_binding/reference_binding_peaks/S_lycopersicum/Solyc08g078340.3.1_S_lycopersicum_Heinz-1706-BG_repSingle_peaks.narrowPeak
S_lycopersicum	Solyc08g079120	Solyc08g079120	NAC	resources/reference_binding/reference_binding_peaks/S_lycopersicum/Solyc08g079120.3.1_S_lycopersicum_Heinz-1706-BG_repSingle_peaks.narrowPeak
S_lycopersicum	Solyc10g005080	Solyc10g005080	MYB-related	resources/reference_binding/reference_binding_peaks/S_lycopersicum/Solyc10g005080.3.1_S_lycopersicum_Heinz-1706-BG_repSingle_peaks.narrowPeak
S_lycopersicum	Solyc11g064950	Solyc11g064950	bZIP	resources/reference_binding/reference_binding_peaks/S_lycopersicum/Solyc11g064950.3.1_S_lycopersicum_Heinz-1706-BG_repSingle_peaks.narrowPeak
